food_name,category,calories_kcal,carbs_g,protein_g,fat_g,fiber_g,sodium_mg,cluster
토스트(식빵),빵 및 과자류,193,36,6,3,2,322,3
트위스터 샌드위치,빵 및 과자류,213,13,14,11,1,472,0
파운드케이크,빵 및 과자류,384,45,6,20,1,202,0
햄샌드위치,빵 및 과자류,383,39,11,21,3,664,0
간자장,면 및 만두류,1240,208,43,22,14,2760,5
간자장(해물),면 및 만두류,1336,201,61,28,14,3363,5
국수,면 및 만두류,501,79,22,9,2,2450,2
국수(열무김치),면 및 만두류,472,78,18,8,4,1584,2
냉면(물냉면),면 및 만두류,749,143,28,5,6,1537,5
떡국(굴),면 및 만두류,540,100,24,8,9,1782,2
떡국(달걀),면 및 만두류,510,107,13,4,1,1068,2
떡국(소고기 달걀),면 및 만두류,522,95,20,7,2,1302,2
떡국(모듬),면 및 만두류,516,103,16,5,3,1224,2
떡만두국(고기만두),면 및 만두류,540,91,20,10,7,1014,2
떡만두국(김치만두),면 및 만두류,522,87,19,11,7,1392,2
라면,면 및 만두류,466,72,9,15,4,342,2
라면(김치),면 및 만두류,646,94,16,22,7,828,2
라면(달걀),면 및 만두류,610,84,17,21,5,462,2
오징어 덮밥(채소),밥류,819,130,46,12,9,1233,5
옥수수밥,밥류,508,110,9,2,2,18,2
완두콩밥,밥류,285,61,6,1,1,2,2
유부 초밥,밥류,597,81,17,21,2,402,2
육회비빔밥,밥류,805,124,27,20,6,539,5
장어 덮밥,밥류,475,75,18,10,2,400,2
장어 초밥,밥류,475,75,18,10,2,400,2
팥밥,밥류,350,74,8,1,3,2,2
해물 덮밥,밥류,446,81,22,2,3,389,2
혼합잡곡밥,밥류,295,64,6,1,1,5,2
계란빵,빵 및 과자류,237,41,9,3,1,290,3
츄러스,빵 및 과자류,259,43,6,6,1,424,3
피자,빵 및 과자류,321,44,16,10,3,376,0
햄버거(돼지고기),빵 및 과자류,428,41,19,20,3,857,0
햄버거(치킨),빵 및 과자류,450,51,27,15,13,970,0
호떡,빵 및 과자류,153,21,3,6,0,2,3
감자샐러드 샌드위치,빵 및 과자류,410,51,12,18,4,825,2
소고기 샌드위치,빵 및 과자류,508,49,17,27,3,820,0
메기 매운탕,찌개 및 전골류,448,56,30,11,7,2006,2
회덮밥(참치),밥류,618,101,28,10,5,480,2
흑미밥,밥류,360,77,7,1,2,3,2
강낭콩밥,밥류,333,73,7,0,2,6,2
검정콩밥,밥류,340,69,8,2,3,2,2
굴 국밥,밥류,510,103,13,3,4,1165,2
굴밥,밥류,610,107,22,10,5,630,2
김치 볶음밥(모듬),밥류,416,69,12,9,5,486,2
낙지 덮밥,밥류,828,139,40,12,10,1683,5
낙지 비빔밥,밥류,792,132,39,12,9,1584,5
닭고기 덮밥,밥류,509,94,25,2,3,383,2
돼지머리국밥,밥류,582,102,17,9,4,1157,2
모듬 김밥,밥류,452,70,17,11,5,736,2
모듬 초밥,밥류,463,70,24,8,1,965,2
무밥,밥류,436,90,9,3,3,487,2
버섯 덮밥,밥류,578,106,15,9,5,360,2
비빔 잡곡밥,밥류,414,77,11,6,6,279,2
소고기 국밥,밥류,534,101,19,5,4,1003,2
양송이 덮밥,밥류,532,112,11,4,4,263,2
열무 비빔밥,밥류,504,101,15,3,5,672,2
잡곡밥(현미),밥류,396,84,9,1,3,9,2
잡채밥,밥류,646,112,18,12,4,463,2
잡탕밥,밥류,632,102,30,10,4,484,2
주먹밥,밥류,393,74,7,6,2,306,2
주먹밥(배추김치),밥류,339,67,8,4,3,461,2
주먹밥(참치),밥류,393,63,14,8,2,450,2
짜장밥,밥류,484,81,15,10,5,936,2
짬뽕밥,밥류,647,102,30,11,8,1199,2
차조밥,밥류,360,77,7,1,2,3,2
참치덮밥,밥류,626,92,34,12,6,1978,2
참치회덮밥(양념장),밥류,456,73,28,5,4,528,2
충무김밥,밥류,419,77,11,6,4,608,2
카레라이스(돼지고기),밥류,540,94,17,10,5,456,2
카레라이스(소고기),밥류,646,110,15,14,4,1705,2
카레라이스(채소),밥류,618,123,14,8,7,611,2
콩나물 국밥,밥류,498,89,22,6,6,481,2
콩나물밥(돼지고기),밥류,521,98,19,5,4,509,2
현미밥,밥류,360,77,7,1,2,3,2
볶음밥(참치),밥류,612,84,34,14,4,1127,2
볶음밥(채소),밥류,345,64,9,5,3,321,2
볶음밥(해물),밥류,530,77,27,11,3,700,2
볶음밥(맛살),밥류,536,97,14,8,3,972,2
비빔밥,밥류,705,94,24,25,5,710,2
비빔밥(묵 양념장),밥류,557,95,18,12,7,1537,2
비빔밥(참치 양념장),밥류,600,97,29,11,6,1152,2
삼각김밥,밥류,175,29,5,4,1,169,3
수수밥,밥류,427,91,8,1,3,4,2
알밥,밥류,430,78,12,7,4,755,2
영양돌솥밥,밥류,416,89,9,2,3,7,2
오곡밥,밥류,397,82,9,2,4,339,2
오므라이스,밥류,526,77,16,15,3,950,2
우럭회덮밥(양념장),밥류,502,86,26,6,6,480,2
율무밥,밥류,319,69,6,0,0,5,2
잡곡밥,밥류,328,68,8,2,3,2,2
잡곡밥(보리),밥류,411,86,9,2,4,3,2
잡곡밥(보리 흑미),밥류,405,85,9,2,3,3,2
잡곡밥(서리태),밥류,402,82,10,2,4,3,2
김밥(참치),밥류,512,70,21,16,4,700,2
김밥(참치 고추),밥류,476,66,18,15,5,544,2
김밥(참치 김치),밥류,500,62,22,18,4,752,2
김밥(채소),밥류,408,72,14,6,4,612,2
김밥(치즈),밥류,488,75,18,12,4,884,2
김밥(고추),밥류,376,66,13,7,5,608,2
김밥(샐러리),밥류,510,77,11,16,4,1000,2
넙치(광어)회덮밥(양념장),밥류,393,64,22,5,4,434,2
누룽지,밥류,522,115,9,0,6,6,2
돌솥 비빔밥,밥류,581,100,20,10,6,535,2
돌솥 비빔밥(양념장),밥류,473,77,15,11,5,638,2
묵밥,밥류,420,78,16,4,6,558,2
보리밥,밥류,351,76,8,1,5,3,2
볶음밥(계란),밥류,492,79,17,10,4,333,2
볶음밥(김치 돼지고기),밥류,482,82,15,9,4,372,2
볶음밥(돼지고기),밥류,521,82,18,11,3,645,2
볶음밥(배추김치 참치),밥류,536,74,26,13,5,979,2
볶음밥(새우),밥류,504,74,23,11,3,686,2
볶음밥(소고기),밥류,504,81,11,13,3,451,2
커피(카페모카),음료 및 차류,72,10,3,2,0,29,3
커피(카푸치노),음료 및 차류,54,3,3,3,0,33,3
고구마(밤고구마 삶은것),"곡류, 서류 제품",132,30,2,0,3,79,3
팝콘,"곡류, 서류 제품",511,58,8,27,10,500,2
팝콘(카라멜),"곡류, 서류 제품",479,70,6,20,6,105,2
달걀(삶은것),수·조·어·육류,150,1,13,11,0,127,3
달걀(삶은것 노른자),수·조·어·육류,358,1,16,32,0,46,0
달걀(삶은것 흰자),수·조·어·육류,48,0,11,0,0,186,3
대구포,수·조·어·육류,141,2,32,0,1,3876,0
계란 덮밥,밥류,507,82,15,11,2,315,2
곤드레밥,밥류,620,134,11,5,22,45,2
기장밥,밥류,329,70,6,1,2,3,2
김밥(계란),밥류,388,57,17,9,4,596,2
김밥(김치),밥류,436,77,14,7,6,936,2
김밥(날치알),밥류,416,69,17,8,4,1012,2
김밥(돈가스),밥류,592,78,18,23,5,900,2
김밥(멸치 고추),밥류,488,82,22,7,6,1120,2
김밥(샐러드),밥류,468,73,14,13,6,632,2
김밥(소고기),밥류,432,68,16,10,4,668,2
과ㆍ채주스(딸기 바나나),음료 및 차류,54,11,1,1,0,14,3
과ㆍ채주스(사과 당근),음료 및 차류,38,9,0,0,0,15,3
과ㆍ채주스(해독주스 착즙형),음료 및 차류,44,11,0,0,0,11,3
과ㆍ채주스(혼합과일 주스),음료 및 차류,59,13,1,0,0,15,3
라떼(그린티),음료 및 차류,76,10,3,3,0,29,3
라떼(바닐라),음료 및 차류,72,8,3,3,0,34,3
레몬청차,음료 및 차류,60,15,0,0,0,3,3
밀크티(블랙),음료 및 차류,49,5,1,3,0,15,3
밀크티(초콜릿),음료 및 차류,76,10,1,4,1,12,3
밀크티(타로),음료 및 차류,102,12,0,6,0,18,3
밀크티(흑당),음료 및 차류,94,15,2,3,1,55,3
식혜,음료 및 차류,130,24,2,3,0,3,3
액상커피(커피가루 설탕 크림(중량12g)),음료 및 차류,51,10,0,1,0,5,3
액상커피(커피가루 설탕(중량2.7g)),음료 및 차류,17,4,0,0,0,0,3
액상커피(커피가루(중량1g)),음료 및 차류,4,1,0,0,0,0,3
커피(달고나커피),음료 및 차류,111,14,2,5,0,49,3
커피(아메리카노),음료 및 차류,4,1,0,0,0,2,3
커피(카라멜마끼아토),음료 및 차류,81,9,2,4,0,29,3
커피(카페라떼),음료 및 차류,57,3,3,4,0,30,3
게장(양념),젓갈류,111,8,12,3,1,607,3
명란젓(양념),젓갈류,147,4,18,7,1,2044,3
조개젓(양념),젓갈류,103,13,9,2,2,3040,3
고추장아찌,장아찌·절임류,124,31,2,1,4,2026,3
마늘쫑장아찌,장아찌·절임류,118,27,2,0,5,1410,3
마늘쫑장아찌(간장),장아찌·절임류,30,5,1,0,1,814,3
마늘쫑장아찌(고추장),장아찌·절임류,55,10,1,1,2,708,3
매실장아찌,장아찌·절임류,73,17,0,0,1,338,3
무장아찌,장아찌·절임류,24,5,0,0,0,880,3
오이지,장아찌·절임류,29,3,1,2,2,2370,3
소스/드레싱(간편조리세트 오야꼬동 (밥제외)),"장류, 양념류",891,59,69,43,7,4070,4
카레소스(간편조리세트 키마카레&치즈키마카레),"장류, 양념류",525,23,35,32,4,1019,4
밀크쉐이크(바닐라),유제품류 및 빙과류,113,17,2,4,0,51,3
빙수(인절미 우유얼음),유제품류 및 빙과류,141,20,6,4,2,63,3
빙수(팥 우유얼음),유제품류 및 빙과류,146,31,3,1,1,51,3
아이스크림(썬대),유제품류 및 빙과류,196,30,3,7,0,79,3
우유(딸기),유제품류 및 빙과류,73,11,2,2,0,23,3
과ㆍ채주스(당근),음료 및 차류,29,7,0,0,1,29,3
동치미,김치류,11,2,0,0,0,472,3
배추김치,김치류,38,6,2,0,2,551,3
배추김치(가을재배),김치류,37,6,2,1,4,548,3
배추김치(봄재배),김치류,39,6,2,1,3,626,3
배추김치(여름재배),김치류,38,7,2,0,4,606,3
백김치,김치류,16,3,1,0,1,395,3
부추김치,김치류,71,8,3,3,2,670,3
얼갈이배추김치,김치류,30,4,2,1,3,581,3
열무김치,김치류,36,6,2,0,2,583,3
열무물김치,김치류,18,3,1,0,0,493,3
열무얼갈이김치,김치류,18,3,1,0,1,340,3
오이소박이,김치류,37,7,2,0,3,302,3
유채김치,김치류,62,10,4,1,0,926,3
유채물김치,김치류,17,3,1,0,0,452,3
총각김치,김치류,42,8,2,0,2,630,3
파김치,김치류,49,9,2,1,4,655,3
게장(간장),젓갈류,88,4,12,2,0,910,3
물만두,면 및 만두류,322,37,21,9,4,357,0
밴댕이무침,생채·무침류,600,46,30,33,16,1028,4
부추무침(부추만),생채·무침류,70,12,3,1,3,780,3
상추 겉절이,생채·무침류,64,6,2,3,2,550,3
샐러드(간편조리세트 콥샐러드&시저드레싱),생채·무침류,627,22,43,41,4,1648,4
샐러드(고구마),생채·무침류,185,27,2,8,3,125,3
샐러드(양배추 코올슬로),생채·무침류,153,15,1,10,1,203,3
쑥갓나물무침,생채·무침류,96,7,4,6,5,710,3
오이생채,생채·무침류,50,8,1,1,2,404,3
오이생채(오이만),생채·무침류,51,7,2,2,1,498,3
탕평채,생채·무침류,97,12,4,4,2,260,3
파무침,생채·무침류,82,11,2,3,3,502,3
홍어무침,생채·무침류,198,26,18,3,6,802,3
회무침(서대),생채·무침류,315,46,23,5,8,1200,0
갓김치,김치류,37,7,3,0,3,720,3
고들빼기김치,김치류,56,11,2,1,2,742,3
깍두기,김치류,20,4,1,0,0,262,3
깻잎김치,김치류,83,12,3,2,4,836,3
물냉면(열무),면 및 만두류,549,95,27,5,8,2462,2
미나리나물,나물·숙채류,30,2,1,2,1,150,3
세발나물무침,나물·숙채류,78,7,3,4,4,701,3
우거지나물무침,나물·숙채류,129,9,4,9,8,772,3
취나물무침,나물·숙채류,74,3,1,6,3,282,3
골뱅이무침,생채·무침류,109,16,7,2,3,526,3
냉채(해파리),생채·무침류,92,13,6,1,2,508,3
노각무침,생채·무침류,84,14,3,2,4,818,3
단무지무침,생채·무침류,20,3,0,1,1,429,3
달래무침,생채·무침류,136,24,4,3,6,867,3
더덕무침,생채·무침류,216,43,4,3,7,1246,3
도라지생채,생채·무침류,119,25,3,1,4,522,3
무말랭이무침,생채·무침류,131,29,2,1,7,1073,3
묵무침(도토리묵),생채·무침류,46,10,0,0,0,124,3
묵무침(청포묵),생채·무침류,150,23,3,5,4,725,3
물회,생채·무침류,532,55,34,19,15,2093,0
물회(생선),생채·무침류,576,82,34,12,11,2776,2
미역초무침,생채·무침류,63,13,2,0,2,597,3
배추 겉절이,생채·무침류,43,7,2,1,2,581,3
라조기,튀김류,398,26,21,24,2,648,0
멘보샤,튀김류,289,13,11,22,2,696,0
미꾸라지튀김,튀김류,387,29,11,25,3,324,0
복어튀김,튀김류,320,23,14,19,2,284,0
북어강정(고추장양념),튀김류,379,26,19,22,1,709,0
생선까스,튀김류,654,47,24,41,3,788,4
양파링튀김,튀김류,411,44,4,25,2,776,0
쥐포튀김,튀김류,357,42,10,16,1,717,0
치즈볼,튀김류,333,29,10,20,0,532,0
치즈스틱,튀김류,329,21,13,22,0,596,0
치킨가스,튀김류,592,44,28,34,3,780,4
탕수육(간편조리세트 김치피자탕수육),튀김류,1793,162,98,84,18,3152,1
난자완스,튀김류,346,19,22,20,3,704,0
고구마줄기나물,나물·숙채류,97,6,2,7,3,473,3
깻잎나물,나물·숙채류,146,6,4,11,4,416,3
깻잎나물볶음,나물·숙채류,206,12,8,14,10,1042,3
머위나물무침,나물·숙채류,85,2,2,8,2,452,3
물냉면,면 및 만두류,749,142,28,6,6,1568,5
김말이튀김,튀김류,292,46,3,11,1,690,3
깐풍새우,튀김류,240,21,8,14,2,531,3
닭모래집튀김,튀김류,468,29,28,27,1,322,0
닭튀김,튀김류,903,49,65,50,4,1245,4
닭튀김(다리(넓적다리)),튀김류,277,9,22,17,0,288,0
닭튀김(다리(아랫다리)),튀김류,268,8,22,16,0,269,0
닭튀김(닭가슴살),튀김류,252,20,21,10,0,60,0
닭튀김(목),튀김류,330,9,20,24,0,276,0
닭튀김(살코기),튀김류,289,9,23,17,0,292,0
닭튀김(너겟),튀김류,332,17,15,23,1,516,0
닭튀김(양념),튀김류,552,42,36,27,2,806,4
돈가스(간편조리세트 부타이로스카츠 (통등심돈가스)),튀김류,836,34,46,57,1,1027,4
돈가스,튀김류,280,16,14,18,0,343,0
돈가스(고구마),튀김류,317,23,12,20,2,288,0
돈가스(돼지등심),튀김류,624,38,33,38,2,574,4
돈가스(돼지안심),튀김류,652,34,33,42,2,552,4
돈가스(치즈),튀김류,755,42,42,47,3,870,4
모밀국수,면 및 만두류,344,72,10,1,2,1020,2
주꾸미삼겹살,볶음류,161,11,10,9,2,280,3
해물볶음,볶음류,420,32,38,15,9,1756,0
가자미조림,조림류,297,22,37,7,5,1692,0
고등어조림,조림류,108,5,8,6,1,411,3
고추조림,조림류,111,13,3,5,4,779,3
닭볶음탕(간편조리세트 곱도리탕),조림류,1342,133,84,53,17,4502,1
동태조림,조림류,275,17,41,5,4,1392,0
북어조림,조림류,182,17,21,3,2,766,0
연근조림,조림류,261,60,2,1,4,668,3
장조림(돼지고기 메추리알),조림류,64,3,8,2,0,583,3
장조림(소고기 메추리알),조림류,60,3,8,2,0,602,3
장조림(우엉),조림류,149,34,2,0,4,1092,3
조기조림,조림류,384,13,41,19,6,1770,0
콩조림(콩자반),조림류,271,39,19,4,16,1067,0
감자튀김(간편조리세트 몬스터 치즈 프라이),튀김류,1579,128,33,104,11,1961,1
고구마맛탕,튀김류,492,95,3,11,9,76,2
고구마튀김,튀김류,253,34,3,12,2,148,3
고추튀김,튀김류,202,15,8,13,2,249,3
만두탕수,면 및 만두류,428,50,13,20,8,1449,2
멸치볶음(풋고추),볶음류,52,3,5,2,0,276,3
미역줄기볶음,볶음류,89,4,1,8,3,857,3
버섯볶음(양송이버섯),볶음류,136,11,4,8,4,514,3
버섯볶음(표고버섯),볶음류,142,16,4,7,9,574,3
소고기볶음(간편조리세트 차돌박이숙주볶음),볶음류,712,24,27,57,5,1096,4
소시지볶음,볶음류,472,32,19,30,2,1436,0
순대볶음(간편조리세트 매콤 깻잎 순대볶음),볶음류,961,130,17,41,11,3318,5
순대볶음(간편조리세트 신림동 백순대볶음),볶음류,1707,171,37,97,13,2992,1
순대볶음,볶음류,584,77,21,21,10,1500,2
순대볶음(백순대),볶음류,196,22,4,10,4,443,3
오징어볶음,볶음류,120,10,10,4,2,403,3
오징어채볶음,볶음류,275,30,22,8,1,975,0
잔멸치볶음,볶음류,330,27,35,9,0,2096,0
잡채(간편조리세트 소고기 버섯 잡채),볶음류,538,102,11,9,5,1772,2
잡채(고추),볶음류,256,26,11,12,4,828,0
주꾸미볶음,볶음류,212,23,18,5,4,918,0
곱창볶음(돼지껍데기),볶음류,352,24,26,17,3,780,0
김치볶음(김치만),볶음류,132,7,3,10,3,782,3
느타리버섯볶음,볶음류,87,8,4,5,4,453,3
닭모래집볶음,볶음류,176,3,28,6,0,364,0
닭볶음(닭갈비)(간편조리세트 모짜렐라 치즈 닭갈비),볶음류,1293,119,100,47,16,4077,1
닭볶음(닭갈비)(간편조리세트 치즈 품은 닭갈비),볶음류,1574,177,93,55,17,4546,1
닭볶음(닭갈비)(간편조리세트 치즈이불 닭갈비),볶음류,1317,118,93,53,11,3366,1
닭볶음(닭갈비),볶음류,596,45,46,26,11,1536,4
돼지고기볶음(간편조리세트 돼지고기 숙주 볶음),볶음류,942,59,48,57,7,2275,4
돼지고기볶음,볶음류,350,18,23,21,3,1052,0
두부김치,볶음류,288,14,19,17,10,990,0
떡볶이(간편조리세트 달콤짭짤 궁중식 떡볶이),볶음류,1446,208,46,48,8,3170,5
떡볶이(간편조리세트 떡볶이 보통맛),볶음류,1554,255,38,42,14,3899,5
떡볶이(간편조리세트 소불고기궁중떡볶이),볶음류,951,163,44,14,8,2499,5
떡볶이(간편조리세트 호로록 로제 떡볶이),볶음류,2024,333,48,56,26,5478,1
떡볶이(치즈),볶음류,164,29,6,3,0,397,3
마파두부(간편조리세트 백리향 마파두부),볶음류,957,34,55,67,7,2716,4
머위나물볶음,볶음류,108,8,3,7,5,718,3
생선전(동태),전·적 및 부침류,268,11,23,15,3,702,0
소고기산적,전·적 및 부침류,454,7,48,26,3,1392,4
소라산적,전·적 및 부침류,120,6,18,3,0,397,3
스크램블드에그,전·적 및 부침류,149,2,10,11,0,145,3
오징어산적,전·적 및 부침류,102,4,17,2,0,477,3
완자전(소고기(동그랑땡/육원전)),전·적 및 부침류,309,13,20,20,3,554,0
채소전,전·적 및 부침류,194,22,5,10,3,322,3
파전,전·적 및 부침류,292,35,7,14,6,346,3
해물파전(간편조리세트 모둠해물파전),전·적 및 부침류,2726,230,91,161,17,3924,1
햄부침,전·적 및 부침류,244,11,11,17,1,716,0
호박전,전·적 및 부침류,208,16,6,13,6,278,3
홍합산적,전·적 및 부침류,157,11,18,5,1,720,3
화양적,전·적 및 부침류,273,21,14,15,8,796,0
감바스(간편조리세트 감바스 알 아히요),볶음류,1436,122,74,73,12,5269,1
감자볶음(감자만),볶음류,134,16,2,7,2,353,3
고추잡채(간편조리세트 고추잡채 꽃빵키트),볶음류,934,125,38,31,9,1106,5
황태구이,구이류,438,27,48,15,3,1136,0
훈제오리,구이류,798,12,43,64,1,1220,4
고추전,전·적 및 부침류,274,17,13,17,7,362,0
굴전,전·적 및 부침류,195,14,11,10,2,326,3
깻잎전,전·적 및 부침류,362,15,18,26,4,480,0
꼬치구치(낙지),전·적 및 부침류,75,3,13,1,0,207,3
녹두빈대떡,전·적 및 부침류,208,21,8,10,4,232,3
달걀말이(달걀만),전·적 및 부침류,210,5,13,15,0,328,0
달걀말이(채소),전·적 및 부침류,183,5,11,13,0,297,3
동태전,전·적 및 부침류,195,6,16,12,0,318,0
두부부침,전·적 및 부침류,144,3,12,9,0,132,3
두부전,전·적 및 부침류,255,8,20,16,4,316,0
미나리전,전·적 및 부침류,226,34,5,8,3,249,3
배추전,전·적 및 부침류,240,36,5,9,4,327,3
버섯전,전·적 및 부침류,240,16,11,15,5,314,0
새우전,전·적 및 부침류,188,12,10,11,1,349,3
생선전(가자미),전·적 및 부침류,231,7,26,11,1,819,0
마늘장아찌,장아찌·절임류,113,25,2,0,2,1127,3
돼지불고기(간편조리세트 매콤 콩나물불고기),구이류,997,72,55,54,7,2140,4
돼지불고기(삼겹살 오징어),구이류,364,20,26,20,4,886,0
막창구이(소고기),구이류,358,0,15,33,0,162,0
소불고기,구이류,372,13,21,26,1,936,0
스테이크(간편조리세트 그레이프 소스 스테이크),구이류,730,40,53,40,10,692,4
스테이크(간편조리세트 뉴욕스테이크&크림뇨끼),구이류,783,68,39,39,4,970,4
스테이크(간편조리세트 부채살 찹스테이크),구이류,766,26,48,52,5,1061,4
스테이크(간편조리세트 파빌리온 양갈비 스테이크),구이류,838,73,53,38,18,1942,4
스테이크(간편조리세트 프라임스테이크 부채살),구이류,1177,36,68,85,7,582,1
연어구이,구이류,234,0,25,15,0,158,0
오겹살구이(돼지고기),구이류,408,3,20,35,0,76,0
임연수구이,구이류,495,4,54,29,1,1570,4
장어구이(붕장어 소금),구이류,297,12,26,16,1,125,0
장어구이(양념),구이류,434,9,31,31,1,705,0
차돌박이구이(소고기),구이류,488,1,18,46,0,93,4
콘치즈구이,구이류,224,18,10,13,0,313,3
함박스테이크(간편조리세트 더블체다 함박스테이크),구이류,1121,82,59,62,11,2040,4
함박스테이크,구이류,458,21,27,30,5,950,0
해물찜(간편조리세트 낙지한마리해물찜),찜류,743,63,56,30,16,4144,4
해물찜(간편조리세트 백합&바지락통찜),찜류,378,53,26,7,13,2537,0
해물찜,찜류,400,35,43,10,10,2135,0
가자미구이,구이류,151,1,23,6,0,489,0
갈매기살구이(돼지고기),구이류,312,0,27,23,0,124,0
갈비구이(돼지고기),구이류,294,6,20,21,0,389,0
갈비구이(소고기),구이류,309,7,21,22,0,447,0
갈비구이(소고기 양념),구이류,990,26,60,72,7,1377,4
갈비구이(왕갈비 양념),구이류,482,14,27,35,1,549,0
갈치구이(기름),구이류,209,1,22,13,0,395,0
꼬치구이(닭고기),구이류,176,13,12,9,2,287,3
꿩불고기,구이류,370,40,34,8,10,1265,0
대창구이(소고기),구이류,595,4,9,60,0,126,4
더덕구이,구이류,184,31,3,5,6,743,3
돼지갈비구이(간장),구이류,240,8,20,14,0,405,0
돼지껍데기구이,구이류,348,3,24,27,0,475,0
돼지불고기(간편조리세트 기사식당 돼지불고기),구이류,671,35,44,39,9,1269,4
돼지불고기(간편조리세트 대파고추장불고기),구이류,1246,92,89,58,9,2778,1
닭찜(간편조리세트 안동식 찜닭),찜류,1316,188,70,32,10,2546,5
닭찜(안동찜닭),찜류,1365,140,114,39,30,5460,1
대구찜,찜류,375,25,52,8,8,1900,0
동태찜,찜류,395,26,51,10,9,1985,0
동파육,찜류,191,4,9,15,1,299,3
돼지갈비찜(간편조리세트 국내산순살돼지갈비찜),찜류,1074,79,91,44,5,3705,4
돼지고기(간),찜류,164,2,29,4,0,62,0
돼지고기(머리고기),찜류,650,4,42,52,3,334,4
돼지고기(허파),찜류,91,0,17,2,0,85,3
돼지등갈비찜,찜류,963,57,72,49,8,2394,4
북어찜,찜류,236,18,28,6,3,902,0
붕어찜,찜류,836,72,54,37,42,3949,4
수란(중탕),찜류,145,0,12,12,0,110,3
순대,찜류,543,58,20,26,12,1020,2
아귀찜(간편조리세트 쫀득쫀득아귀찜),찜류,1199,99,104,43,15,4064,1
아귀찜,찜류,312,17,48,5,6,1408,0
오징어순대,찜류,466,58,46,6,4,1260,0
조기찜,찜류,182,2,20,11,0,602,0
족발,찜류,220,0,29,12,0,332,0
청국장찌개(간편조리세트 영월식 청국장),찌개 및 전골류,673,49,55,28,18,3472,4
청국장찌개(간편조리세트 우삼겹 청국장찌개),찌개 및 전골류,641,27,45,39,15,2187,4
청국장찌개(두부 채소),찌개 및 전골류,79,3,6,5,2,447,3
추어탕,찌개 및 전골류,320,27,23,13,19,2640,0
해물탕(간편조리세트 바다를 품은 해물탕),찌개 및 전골류,401,25,50,12,10,4888,0
해물탕,찌개 및 전골류,270,17,40,5,6,2046,0
해신탕,찌개 및 전골류,57,2,8,2,0,266,3
호박찌개,찌개 및 전골류,96,12,6,3,4,1023,3
훠궈(소고기),찌개 및 전골류,93,7,5,5,1,390,3
갈비찜(고춧가루),찜류,516,24,61,20,8,1140,4
갈비찜(소고기),찜류,495,13,50,27,1,752,4
김치찜(간편조리세트 돼지고기 김치찜),찜류,679,40,71,26,7,2884,4
김치찜(간편조리세트 돼지고기 묵은지찜),찜류,348,20,33,15,8,3270,0
깻잎찜,찜류,112,14,4,5,3,839,3
꼬막무침,찜류,107,8,8,5,1,516,3
꼬막찜(참꼬막),찜류,90,5,12,3,1,234,3
달걀찜(달걀만),찜류,108,1,9,8,0,375,3
달걀찜(채소),찜류,89,4,5,6,0,329,3
들깻잎장아찌,장아찌·절임류,124,26,4,0,4,1809,3
불고기전골(간편조리세트 서울식 소불고기전골),찌개 및 전골류,835,83,48,35,11,2377,4
불고기전골(간편조리세트 서울식 육수불고기),찌개 및 전골류,957,125,67,21,15,2492,5
불고기전골(간편조리세트 서울식불고기전골),찌개 및 전골류,622,74,57,11,9,3808,4
불낙전골(간편조리세트 이게불낙이야),찌개 및 전골류,702,59,74,19,3,4712,4
샤브샤브(간편조리세트 소고기 샤브샤브),찌개 및 전골류,573,50,46,21,11,4030,4
샤브샤브(간편조리세트 소고기스키야키),찌개 및 전골류,778,89,64,18,4,4239,4
샤브샤브(간편조리세트 일호식 스키야키),찌개 및 전골류,629,45,41,32,8,3887,4
샤브샤브(소고기),찌개 및 전골류,264,15,29,10,9,1122,0
소고기전골(간편조리세트 어복쟁반),찌개 및 전골류,597,23,55,32,11,3742,4
소고기전골(간편조리세트 파빌리온 얼큰 소고기 전골),찌개 및 전골류,896,33,54,61,17,4470,4
소고기전골(간편조리세트 평양식 어복쟁반),찌개 및 전골류,1398,98,129,54,23,3993,1
순두부찌개(간편조리세트 강릉식 짬뽕 순두부),찌개 및 전골류,383,25,34,16,10,3420,0
순두부찌개(간편조리세트 우삼겹 순두부찌개),찌개 및 전골류,687,39,57,33,15,4730,4
순두부찌개(간편조리세트 짬뽕순두부찌개),찌개 및 전골류,693,43,52,34,12,5735,4
순두부찌개(간편조리세트 해물짬뽕순두부),찌개 및 전골류,1091,73,68,58,12,6977,4
매운탕(광어),찌개 및 전골류,420,9,58,17,4,1800,4
매운탕(대구),찌개 및 전골류,360,17,57,7,9,1986,0
매운탕(메기),찌개 및 전골류,402,49,29,10,10,1860,0
매운탕(서더리),찌개 및 전골류,30,1,4,1,0,189,3
매운탕(아귀),찌개 및 전골류,43,2,7,1,1,345,3
매운탕(우럭),찌개 및 전골류,408,11,52,17,7,1776,0
매운탕(조기),찌개 및 전골류,384,17,35,19,12,2274,0
매운탕(짱뚱어),찌개 및 전골류,186,17,12,9,8,2052,3
밀푀유나베(간편조리세트 매콤 밀푀유나베),찌개 및 전골류,698,32,52,39,11,5038,4
밀푀유나베(간편조리세트 밀푀유나베),찌개 및 전골류,597,30,57,27,11,4176,4
버섯전골(간편조리세트 남도식 들깨 버섯전골),찌개 및 전골류,387,44,21,15,18,2672,0
버섯찌개,찌개 및 전골류,168,15,15,5,8,1292,3
부대찌개(간편조리세트 오뎅식당 부대찌개),찌개 및 전골류,1701,79,74,121,11,6076,1
부대찌개(간편조리세트 의정부식부대찌개),찌개 및 전골류,1353,137,43,71,19,4823,1
부대찌개(간편조리세트 햄듬뿍부대찌개),찌개 및 전골류,843,77,44,40,7,4153,4
부대찌개,찌개 및 전골류,402,40,18,19,9,2322,0
김치찌개,찌개 및 전골류,244,12,15,15,8,1964,0
김치찌개(김치만),찌개 및 전골류,46,3,2,3,1,507,3
김치찌개(햄),찌개 및 전골류,189,13,11,10,8,1584,3
꽁치찌개,찌개 및 전골류,354,12,24,23,9,1296,0
꽃게탕(간편조리세트 3마리꽃게탕),찌개 및 전골류,319,30,32,8,12,4708,0
나베(간편조리세트 통등심가스나베),찌개 및 전골류,1982,183,63,111,9,4816,1
낙지전골(간편조리세트 낙곱새),찌개 및 전골류,812,119,50,15,14,6692,5
돼지고기찌개(간편조리세트 돼지고기 짜글이),찌개 및 전골류,758,42,73,33,5,3545,4
돼지고기찌개(간편조리세트 돼지고기고추장찌개),찌개 및 전골류,271,29,24,6,9,2549,0
된장찌개(간편조리세트 고깃집 된장찌개),찌개 및 전골류,764,38,54,44,8,2648,4
된장찌개(간편조리세트 구수한 버섯된장찌개),찌개 및 전골류,121,18,8,2,6,1372,3
된장찌개(우렁 강된장),찌개 및 전골류,136,16,7,5,3,1547,3
두부전골,찌개 및 전골류,315,17,26,16,7,1650,0
두부찌개(새우젓),찌개 및 전골류,165,7,16,8,6,1122,3
마라탕(간편조리세트 마라탕),찌개 및 전골류,768,50,41,45,32,3710,4
마라탕,찌개 및 전골류,66,5,4,3,1,358,3
만두전골(간편조리세트 얼큰왕만두전골),찌개 및 전골류,1328,201,47,37,23,6871,5
만두전골,찌개 및 전골류,57,6,4,2,1,250,3
어탕,국 및 탕류,86,2,13,3,1,484,3
연포탕,국 및 탕류,540,20,95,9,14,2340,4
오이냉국,국 및 탕류,19,4,0,0,0,328,3
올갱이국,국 및 탕류,144,13,14,4,6,2016,3
전복탕,국 및 탕류,198,16,27,3,6,1776,0
조개국(바지락),국 및 탕류,160,10,22,3,8,1595,0
지리탕(대구),국 및 탕류,264,10,42,6,4,1476,0
지리탕(복),국 및 탕류,234,10,42,3,5,1350,0
초당순두부,국 및 탕류,522,16,49,29,10,1206,4
해장국(뼈다귀),국 및 탕류,710,23,75,36,17,3090,4
해장국(선지),국 및 탕류,310,17,49,5,10,3070,0
해장국(우거지),국 및 탕류,156,14,12,6,8,2052,3
홍합탕(홍합만),국 및 탕류,29,2,4,1,0,303,3
황태해장국,국 및 탕류,180,6,24,7,5,1536,0
무국물,국 및 탕류,3,1,0,0,0,2,3
고등어찌개,찌개 및 전골류,600,26,49,34,15,2586,4
곱창전골(간편조리세트 대한곱창 곱창전골),찌개 및 전골류,1813,112,75,118,49,4144,1
곱창전골(간편조리세트 소곱창순대전골),찌개 및 전골류,987,110,52,37,23,4395,5
곱창전골(소고기),찌개 및 전골류,528,29,42,27,13,1782,4
된장국(감자),국 및 탕류,40,6,2,1,0,332,3
된장국(무),국 및 탕류,104,15,6,2,5,1742,3
된장국(시금치),국 및 탕류,21,2,2,1,0,351,3
된장국(시래기),국 및 탕류,99,11,7,3,5,1526,3
된장국(우렁),국 및 탕류,245,19,25,8,8,2135,0
매생이국,국 및 탕류,120,13,10,3,9,1420,3
무국(소고기),국 및 탕류,124,8,14,4,3,1068,3
묵말이(도토리묵),국 및 탕류,468,90,7,8,14,3211,2
미소된장국,국 및 탕류,38,3,3,2,0,518,3
미역국(굴),국 및 탕류,17,1,1,1,0,298,3
미역국(바지락),국 및 탕류,9,1,1,0,0,318,3
미역국(북어),국 및 탕류,19,1,2,1,0,295,3
미역국(참치),국 및 탕류,19,1,3,1,0,309,3
미역국(홍합),국 및 탕류,169,12,20,5,9,2041,0
새우탕(간편조리세트 전복민물새우탕),국 및 탕류,890,160,45,7,7,4036,5
소탕,국 및 탕류,87,2,8,5,1,354,3
순대국,국 및 탕류,544,17,44,33,26,1504,4
아구탕,국 및 탕류,246,13,38,5,6,1866,0
어묵국(어묵탕)(간편조리세트 프리미엄 이자카야어묵탕),국 및 탕류,954,152,48,17,11,5615,5
쌀죽(흰죽)(삼광),죽 및 스프류,53,12,1,0,0,0,3
쌀죽(흰죽)(새일미),죽 및 스프류,55,12,1,0,0,0,3
쌀죽(흰죽)(신동진),죽 및 스프류,53,11,1,0,0,0,3
쌀죽(흰죽)(오대),죽 및 스프류,52,11,1,0,0,0,3
쌀죽(흰죽)(칠분도미),죽 및 스프류,68,16,1,0,0,0,3
어죽,죽 및 스프류,552,101,20,8,8,2104,2
율무죽,죽 및 스프류,77,14,3,1,0,1,3
잣죽,죽 및 스프류,875,155,19,20,5,882,5
참깨죽,죽 및 스프류,38,6,1,1,0,120,3
참치죽,죽 및 스프류,656,105,24,16,5,1344,2
채소죽,죽 및 스프류,70,13,1,1,0,143,3
현미죽,죽 및 스프류,64,15,1,0,0,1,3
감자국,국 및 탕류,224,35,8,6,4,1715,3
게국지,국 및 탕류,418,32,45,12,24,4048,0
곰치국,국 및 탕류,420,24,54,12,19,3800,0
곰탕,국 및 탕류,183,18,19,4,2,717,0
김치국,국 및 탕류,90,10,5,3,4,1642,3
낙지탕,국 및 탕류,186,10,29,3,3,1704,0
달걀국,국 및 탕류,39,1,3,2,0,341,3
칼국수(해물),면 및 만두류,630,124,23,5,45,2358,2
콩국수,면 및 만두류,100,12,5,4,1,97,3
탄탄면(간편조리세트 마라 탄탄면),면 및 만두류,1042,126,34,44,5,2031,5
팟타이(간편조리세트 비프 팟타이),면 및 만두류,1331,130,41,72,7,2552,1
팟타이,면 및 만두류,146,19,4,6,1,270,3
게살죽,죽 및 스프류,568,107,18,7,5,1456,2
깨죽,죽 및 스프류,512,79,14,16,9,1160,2
미음,죽 및 스프류,19,5,0,0,0,0,3
미음(칠분도미),죽 및 스프류,20,5,0,0,0,0,3
미음(현미),죽 및 스프류,19,4,0,0,0,0,3
백합죽,죽 및 스프류,455,85,17,6,3,994,2
소고기버섯죽,죽 및 스프류,576,109,19,7,3,1264,2
스프(감자),죽 및 스프류,98,8,2,7,0,196,3
스프(소고기),죽 및 스프류,40,7,1,1,0,312,3
스프(양송이버섯),죽 및 스프류,42,7,1,1,0,253,3
스프(크림),죽 및 스프류,45,7,1,2,0,251,3
스프(옥수수),죽 및 스프류,46,7,1,1,0,229,3
쌀죽(흰죽),죽 및 스프류,53,11,1,0,0,0,3
울면,면 및 만두류,730,128,38,7,8,2800,5
월남쌈(간편조리세트 불고기월남쌈),면 및 만두류,1100,125,53,43,8,1862,5
월남쌈(간편조리세트 소고기야채말이),면 및 만두류,673,38,61,31,11,2140,4
월남쌈(간편조리세트 훈제오리월남쌈),면 및 만두류,986,136,46,29,7,1883,5
자장면,면 및 만두류,800,134,20,20,21,2392,5
자장면(삼선),면 및 만두류,805,127,34,18,10,2625,5
짬뽕(간편조리세트 나가사키 짬뽕탕),면 및 만두류,1334,193,61,35,21,7338,5
짬뽕(간편조리세트 통오징어짬뽕탕),면 및 만두류,674,44,50,33,9,4768,4
짬뽕(굴),면 및 만두류,684,116,33,10,9,2664,2
짬뽕(백짬뽕),면 및 만두류,63,9,4,2,0,280,3
짬뽕(삼선),면 및 만두류,666,102,40,11,8,2691,2
짬뽕(차돌박이),면 및 만두류,88,10,5,3,1,342,3
칼국수(간편조리세트 닭한마리와 칼국수),면 및 만두류,2154,241,182,52,20,7655,1
칼국수(간편조리세트 세숫대야 바지락칼국수),면 및 만두류,1598,210,49,62,2,6477,1
칼국수(간편조리세트 원주식장칼국수),면 및 만두류,1066,209,37,9,8,4046,5
칼국수(간편조리세트 장칼국수),면 및 만두류,1064,200,33,15,18,5759,5
칼국수(닭고기),면 및 만두류,666,95,42,13,9,2124,2
칼국수(들깨),면 및 만두류,456,60,18,16,8,1194,2
스파게티(간편조리세트 트러플 크림 파스타),면 및 만두류,993,111,28,48,13,1508,5
스파게티(간편조리세트 할라피뇨베이컨파스타),면 및 만두류,1702,164,39,99,16,4042,1
스파게티(간편조리세트 핫매콤크림파스타),면 및 만두류,1529,190,43,66,11,2955,1
스파게티(간편조리세트 해장파스타),면 및 만두류,754,122,31,16,9,3022,5
스파게티(까르보나라소스),면 및 만두류,235,20,6,15,1,241,3
스파게티(로제소스),면 및 만두류,171,17,5,9,1,244,3
스파게티(오일소스),면 및 만두류,648,89,20,23,11,1124,2
스파게티(크림소스),면 및 만두류,836,74,22,51,4,1032,4
스파게티(토마토소스),면 및 만두류,645,93,24,19,7,1510,2
스파게티(해물 크림소스),면 및 만두류,920,87,30,50,8,1325,4
스파게티(해물 토마토소스),면 및 만두류,585,87,28,14,8,1535,2
쌀국수,면 및 만두류,318,55,16,4,1,1650,2
올갱이국수,면 및 만두류,570,112,11,8,22,3870,2
우동(간편조리세트 쫄우동),면 및 만두류,1127,178,30,33,1,7568,5
우동(김치),면 및 만두류,504,99,16,5,8,2872,2
우동(삼선),면 및 만두류,690,106,48,8,8,2720,5
우동(일식),면 및 만두류,420,74,13,8,20,2387,2
우동(중식),면 및 만두류,650,85,30,21,22,3400,2
비빔국수,면 및 만두류,113,20,3,2,4,337,3
비빔면(간편조리세트 매콤제육비빔면),면 및 만두류,1766,233,66,63,20,4304,1
수제비(간편조리세트 들깨버섯 수제비),면 및 만두류,1240,222,43,20,17,6200,5
수제비(간편조리세트 우삼겹 짬뽕 수제비),면 및 만두류,1556,191,51,65,15,5618,1
수제비(간편조리세트 해물 백짬뽕 수제비),면 및 만두류,1218,166,56,37,10,6276,5
스파게티(간편조리세트 감바스알리오올리오),면 및 만두류,1163,145,33,51,8,1557,5
스파게티(간편조리세트 바질크림 빠네 파스타),면 및 만두류,1668,212,42,73,21,3065,1
스파게티(간편조리세트 베이컨까르보나라),면 및 만두류,1455,167,37,71,10,1876,1
스파게티(간편조리세트 볼로네제라구파스타),면 및 만두류,1355,128,61,66,12,2513,1
스파게티(간편조리세트 쉬림프 로제파스타),면 및 만두류,1297,133,38,68,20,2135,1
스파게티(간편조리세트 쉬림프 크림파스타),면 및 만두류,1785,103,38,136,10,1785,1
스파게티(간편조리세트 알리오올리오파스타),면 및 만두류,1271,108,26,81,7,1486,1
스파게티(간편조리세트 에그인헬파스타),면 및 만두류,1234,146,51,49,15,2959,5
스파게티(간편조리세트 오마이갓파스타),면 및 만두류,1323,151,48,59,18,3000,1
스파게티(간편조리세트 톡톡크림 빠네 파스타),면 및 만두류,2197,126,57,163,16,3433,1
스테이크(간편조리세트 시그니처찹스테이크),구이류,653,40,53,31,5,1877,4
라면(떡),면 및 만두류,102,18,2,2,1,301,3
라면(라면만),면 및 만두류,84,14,2,2,0,306,3
라면(면),면 및 만두류,174,30,4,4,3,278,3
라면(비빔라면),면 및 만두류,189,31,3,6,2,375,3
라면(용기면),면 및 만두류,103,16,2,4,1,402,3
라면(용기면 국물),면 및 만두류,28,3,1,1,0,423,3
라면(용기면 면),면 및 만두류,192,33,4,5,3,316,3
라면(용기면 볶음라면),면 및 만두류,202,34,5,5,2,435,3
라면(짜장라면),면 및 만두류,177,31,4,4,1,306,3
라면(짬뽕라면),면 및 만두류,690,92,21,26,8,2498,2
라면(치즈),면 및 만두류,594,80,17,23,7,2112,2
만두(고기만두),면 및 만두류,208,28,9,7,5,261,3
만두(김치만두),면 및 만두류,187,24,8,7,6,423,3
만두국,면 및 만두류,434,48,21,17,32,2366,0
메밀소바(간편조리세트 부타이 마제소바),면 및 만두류,1334,196,52,39,11,2833,5
밀면(물밀면),면 및 만두류,71,14,2,0,1,303,3
볶음면(간편조리세트 소고기 야끼소바),면 및 만두류,893,65,31,57,16,1725,4
분짜,면 및 만두류,136,20,6,4,0,398,3
스테이크(간편조리세트 시그니처 스테이크 부채살),구이류,601,32,49,31,4,1137,4
약과,빵 및 과자류,120,25,1,1,1,17,3
유과,빵 및 과자류,127,22,1,4,0,7,3
국수(김치말이국수),면 및 만두류,300,52,13,5,4,2124,2
국수(막국수),면 및 만두류,570,110,20,6,15,3260,2
기스면,면 및 만두류,610,90,38,11,7,2760,2
냉면(비빔냉면),면 및 만두류,131,21,3,4,1,311,3
냉면(열무냉면),면 및 만두류,528,98,21,6,40,3152,2
떡만두국,면 및 만두류,623,111,20,11,8,1981,2
라멘(간편조리세트 매운돈코츠라멘),면 및 만두류,1519,123,64,85,28,7127,1
라멘(돈코츠라멘),면 및 만두류,98,6,4,6,0,377,3
라멘(미소라멘),면 및 만두류,89,11,5,3,1,388,3
라멘(소유라멘),면 및 만두류,72,9,4,2,0,420,3
라멘(시오라멘),면 및 만두류,84,12,5,2,1,292,3
라면(간편조리세트 ?c양꿍요괴라면),면 및 만두류,1130,173,31,36,10,6304,5
라면(국물),면 및 만두류,19,2,0,1,0,380,3
케이크(치즈케이크),빵 및 과자류,329,29,7,21,1,201,0
크로켓(고로케)(채소),빵 및 과자류,301,31,7,16,1,403,0
파이/만주(만주),빵 및 과자류,223,47,5,2,3,118,3
페이스트리,빵 및 과자류,320,33,6,18,2,296,0
프레즐,빵 및 과자류,312,55,8,6,3,215,2
피자(불고기피자),빵 및 과자류,506,61,27,17,5,916,2
피자(치즈피자),빵 및 과자류,554,71,31,16,6,950,2
피자(페퍼로니피자),빵 및 과자류,532,70,29,15,5,946,2
피자(포테이토피자),빵 및 과자류,628,72,28,26,6,1000,2
핫도그,빵 및 과자류,341,25,8,23,2,398,0
핫도그(감자),빵 및 과자류,324,20,8,23,2,490,0
핫도그(모짜렐라),빵 및 과자류,318,28,12,18,2,455,0
햄버거,빵 및 과자류,225,16,11,13,1,323,3
햄버거(소고기패티),빵 및 과자류,271,36,12,9,0,594,0
햄버거(소고기패티 토마토 양상추),빵 및 과자류,229,18,10,13,7,378,3
햄버거(치즈),빵 및 과자류,284,22,15,15,1,525,0
매작과,빵 및 과자류,124,20,2,4,0,30,3
산자,빵 및 과자류,110,25,1,1,0,7,3
스테이크(간편조리세트 비프찹스테이크),구이류,791,39,42,52,4,1878,4
찹쌀떡(팥),빵 및 과자류,266,58,4,2,2,191,3
다식(송화),빵 및 과자류,111,22,2,1,2,4,3
다쿠아즈,빵 및 과자류,447,43,8,27,3,51,0
도넛(찹쌀),빵 및 과자류,207,40,4,4,2,243,3
마카롱,빵 및 과자류,480,45,7,30,2,47,0
버터크림빵,빵 및 과자류,230,28,5,11,1,191,3
샌드위치(닭고기),빵 및 과자류,250,21,16,11,1,753,0
샌드위치(생선),빵 및 과자류,257,27,10,12,1,602,3
샌드위치(소고기),빵 및 과자류,244,22,15,10,1,653,0
샌드위치(소시지),빵 및 과자류,276,24,10,16,1,542,0
샌드위치(참치),빵 및 과자류,555,36,23,35,5,915,4
샌드위치(햄 치즈),빵 및 과자류,284,27,9,16,0,488,0
샌드위치(햄 치즈 채소),빵 및 과자류,214,22,9,10,5,532,3
소보로빵,빵 및 과자류,277,42,6,9,2,202,3
소보로빵(맘모스빵),빵 및 과자류,354,51,7,14,3,137,2
식빵(통밀식빵),빵 및 과자류,279,49,9,5,5,660,3
앙금빵(앙버터빵),빵 및 과자류,372,42,7,20,4,221,0
케이크(초콜릿케이크),빵 및 과자류,420,44,5,25,2,170,0
스테이크(간편조리세트 블랙라벨 스테이크 부채살),구이류,769,28,65,44,10,1334,4
백설기(검정콩),빵 및 과자류,229,48,6,1,2,223,3
빙떡(메밀전병),빵 및 과자류,168,22,6,6,3,346,3
송편(검정콩),빵 및 과자류,200,41,7,1,0,463,3
송편(깨),빵 및 과자류,224,45,5,3,4,232,3
송편(콩),빵 및 과자류,194,42,5,1,4,234,3
송편(팥),빵 및 과자류,200,44,5,0,0,466,3
수수경단,빵 및 과자류,218,43,8,1,0,238,3
수수부꾸미,빵 및 과자류,248,42,6,6,7,261,3
수수팥떡,빵 및 과자류,204,43,7,1,8,242,3
시루떡,빵 및 과자류,217,48,5,1,4,278,3
시루떡(녹두),빵 및 과자류,246,48,8,3,4,264,3
쑥떡,빵 및 과자류,249,58,3,0,2,254,3
약식,빵 및 과자류,220,45,4,2,1,233,3
인절미(콩고물),빵 및 과자류,231,50,6,1,2,337,3
인절미(팥고물),빵 및 과자류,204,45,4,1,0,269,3
절편,빵 및 과자류,197,44,4,1,1,258,3
찰시루떡,빵 및 과자류,181,38,7,0,1,182,3
찹쌀떡,빵 및 과자류,277,66,3,0,1,226,2
초밥(장어),밥류,488,81,17,11,3,1270,2
초밥(한치),밥류,375,78,14,1,1,1200,2
캘리포니아롤,밥류,489,89,12,9,7,1296,2
콩밥(강낭콩),밥류,173,38,4,0,1,25,3
회덮밥,밥류,685,103,30,17,8,745,2
가래떡,빵 및 과자류,210,46,4,1,0,250,3
가래떡(흑미),빵 및 과자류,205,48,4,0,0,226,3
개피떡(바람떡),빵 및 과자류,206,44,5,1,0,286,3
경단(깨),빵 및 과자류,319,74,4,1,5,180,2
경단(찹쌀 카스텔라),빵 및 과자류,237,51,4,2,0,185,3
경단(콩),빵 및 과자류,314,74,4,0,2,226,2
기피편,빵 및 과자류,220,49,5,0,5,281,3
모듬찰떡,빵 및 과자류,233,43,6,4,4,203,3
모싯잎송편(동부),빵 및 과자류,190,40,6,1,4,262,3
모싯잎송편(동부(국내산)),빵 및 과자류,190,41,5,1,4,282,3
모싯잎송편(동부(수입산)),빵 및 과자류,190,40,6,1,3,242,3
무지개떡,빵 및 과자류,229,53,4,0,0,277,3
백설기,빵 및 과자류,224,50,4,1,0,290,3
삼각김밥(숯불갈비),밥류,161,33,4,2,1,358,3
삼각김밥(참치마요네즈),밥류,172,32,4,3,1,282,3
새우튀김롤,밥류,606,96,14,18,7,1392,2
쌀밥,밥류,166,37,3,0,0,0,3
알밥(간편조리세트 갑오징어알뚝밥),밥류,440,36,35,17,3,3664,0
연어롤,밥류,510,74,19,15,9,1212,2
연잎밥,밥류,207,47,4,0,0,178,3
자장밥,밥류,740,120,15,22,12,1560,2
주먹밥(멸치),밥류,312,54,9,7,3,496,2
짜장밥(오징어),밥류,136,22,6,3,1,325,3
초밥(광어),밥류,453,78,27,4,2,810,2
초밥(농어),밥류,398,79,17,1,2,1035,2
초밥(모듬),밥류,462,76,25,6,2,969,2
초밥(문어),밥류,392,82,15,1,2,1200,2
초밥(새우),밥류,130,20,8,2,0,451,3
초밥(연어),밥류,207,20,11,9,0,278,3
초밥(유부초밥),밥류,165,31,4,3,1,255,3
덮밥(송이버섯),밥류,582,96,18,14,13,1680,2
덮밥(유산슬),밥류,578,74,27,19,10,1578,2
덮밥(장어),밥류,716,97,30,23,10,920,2
덮밥(참치),밥류,680,103,29,17,8,1620,2
덮밥(해물),밥류,770,100,42,22,11,1806,5
리소토/리조또(간편조리세트 베이컨버섯크림리조또),밥류,1661,141,28,109,7,2247,1
리소토/리조또(간편조리세트 쉬림프로제리조또),밥류,1427,151,27,79,5,2425,1
볶음밥(간편조리세트 돼지불백깍둑볶음누룽밥),밥류,1112,107,65,47,6,3098,5
볶음밥,밥류,193,22,7,8,0,282,3
볶음밥(김치),밥류,167,23,4,6,1,320,3
볶음밥(삼선),밥류,688,86,26,26,9,1212,2
비빔밥(간편조리세트 꼬막비빔밥),밥류,357,38,25,11,9,1627,0
비빔밥(멍게),밥류,548,91,17,13,7,1144,2
비빔밥(약초),밥류,512,80,12,16,10,972,2
삼각김밥(고추장불고기),밥류,165,34,4,2,1,343,3
곤드레나물밥,밥류,522,99,10,9,10,91,2
국밥,밥류,416,59,28,8,10,2304,2
국밥(굴),밥류,682,88,42,18,5,1638,2
국밥(돼지고기),밥류,912,75,66,39,12,1092,4
국밥(소고기),밥류,329,43,22,8,7,1785,0
귀리밥,밥류,162,35,4,1,1,0,3
누룽지(뜨거운물첨가),밥류,69,15,1,0,0,13,3
아이스 카페라떼(카라멜),음료 및 차류,195,33,5,5,0,60,3
아이스 카페모카,음료 및 차류,206,34,6,5,1,85,3
아이스 카페모카(카라멜),음료 및 차류,259,49,6,5,1,89,3
아이스 카페모카(카라멜 휘핑크림),음료 및 차류,369,51,6,16,1,103,2
아이스 카페모카(휘핑크림),음료 및 차류,316,36,6,16,1,99,0
율무차,음료 및 차류,66,12,1,2,0,62,3
카페라떼,음료 및 차류,135,13,6,6,0,71,3
카페라떼(시럽),음료 및 차류,181,24,6,6,0,71,3
카페라떼(카라멜),음료 및 차류,209,33,6,7,0,75,3
카페모카,음료 및 차류,224,34,7,7,0,99,3
카페모카(카라멜),음료 및 차류,263,45,7,7,0,99,3
카페모카(카라멜 휘핑크림),음료 및 차류,373,47,7,18,0,114,2
카페모카(휘핑크림),음료 및 차류,330,36,7,18,0,110,0
커피(타먹는커피),음료 및 차류,51,10,0,1,0,2,3
감자범벅,"곡류, 서류 제품",107,25,3,0,3,674,3
파강회,"채소, 해조류",36,5,1,1,1,235,3
육회,수·조·어·육류,474,40,28,23,3,732,0
모듬회,수·조·어·육류,200,8,34,3,0,740,0
오이장아찌,장아찌·절임류,41,4,1,2,0,1153,3
무말랭이장아찌,장아찌·절임류,110,17,4,3,6,1212,3
무숙장아찌,장아찌·절임류,87,4,3,6,0,1308,3
짜장소스,"장류, 양념류",202,26,9,7,4,1076,3
카레소스,"장류, 양념류",203,28,8,7,3,1090,3
고춧가루 양념장,"장류, 양념류",161,17,7,8,5,1628,3
기름장,"장류, 양념류",64,0,0,7,0,752,3
쌈장,"장류, 양념류",31,4,1,1,1,516,3
초간장,"장류, 양념류",11,2,1,0,0,478,3
팥빙수,유제품류 및 빙과류,297,62,7,2,3,102,2
두유 카페라떼,음료 및 차류,106,8,5,6,1,114,3
두유 카페라떼(시럽),음료 및 차류,156,21,5,6,1,117,3
딸기넥타,음료 및 차류,110,28,1,0,2,21,3
딸기바나나 스무디,음료 및 차류,192,42,4,2,3,39,3
미숫가루(선식)음료,음료 및 차류,128,28,3,1,2,1,3
수박화채,음료 및 차류,84,16,2,2,0,18,3
아이스 카페라떼,음료 및 차류,110,11,5,5,0,57,3
아이스 카페라떼(시럽),음료 및 차류,163,24,5,5,0,60,3
천사채무침,생채·무침류,161,6,7,12,2,546,3
치커리무침,생채·무침류,24,4,1,1,1,258,3
콩나물 느타리무침,생채·무침류,46,4,3,3,2,193,3
콩나물냉채,생채·무침류,14,2,1,0,0,101,3
콩나물냉채(오이),생채·무침류,63,10,4,1,2,230,3
오이김치,김치류,39,8,2,0,2,1894,3
가지김치,김치류,36,6,2,1,3,1592,3
섞박지,김치류,38,7,2,1,3,1895,3
양념채김치,김치류,101,14,6,3,5,2027,3
오이 물김치,김치류,51,9,3,1,2,2268,3
양념 바지락젓,젓갈류,6,0,1,0,0,0,3
양념 새우젓,젓갈류,10,1,1,0,0,879,3
양념 오징어젓,젓갈류,9,1,1,0,0,279,3
양념 오징어젓(낙지),젓갈류,10,1,1,0,0,302,3
더덕장아찌,장아찌·절임류,59,9,1,3,2,2116,3
시금치 겉절이,생채·무침류,44,5,2,2,2,289,3
쑥갓오이무침,생채·무침류,47,7,2,1,2,197,3
양념 도토리묵,생채·무침류,64,12,1,1,1,424,3
양배추 겉절이,생채·무침류,45,7,2,1,2,445,3
양배추 샐러드,생채·무침류,121,5,1,11,1,177,3
양배추부추무침,생채·무침류,31,6,2,0,2,296,3
양상추 샐러드,생채·무침류,66,4,1,5,0,74,3
어묵 오이무침,생채·무침류,135,19,8,3,1,562,3
오이 도라지 생채,생채·무침류,53,11,2,1,2,286,3
오이고추 된장무침,생채·무침류,16,3,1,0,0,156,3
오이부추무침,생채·무침류,13,3,0,0,0,103,3
옥수수샐러드,생채·무침류,168,16,2,11,1,222,3
옥수수샐러드(햄),생채·무침류,200,13,9,12,2,312,3
유채무침,생채·무침류,48,10,3,1,2,180,3
쥐포무침,생채·무침류,92,10,8,2,0,428,3
짜사이무침,생채·무침류,22,2,0,2,0,474,3
참나물 무침(된장),생채·무침류,8,1,0,0,0,50,3
참치 샐러드,생채·무침류,203,3,11,16,0,153,3
돌나물무침,생채·무침류,22,5,1,0,0,139,3
두부냉채,생채·무침류,141,7,12,8,2,420,3
마늘쫑장아찌무침,생채·무침류,40,9,1,0,1,353,3
마카로니 샐러드,생채·무침류,220,18,9,12,2,543,3
메밀묵 무침,생채·무침류,94,17,2,2,2,360,3
멕시컨샐러드,생채·무침류,192,14,7,12,2,412,3
문어무침,생채·무침류,82,6,9,3,1,435,3
미역 오이무침,생채·무침류,61,12,2,2,2,817,3
뱅어포무침,생채·무침류,108,3,13,5,0,329,3
부추 겉절이,생채·무침류,12,2,1,1,0,89,3
부추 채소무침,생채·무침류,11,2,1,0,0,86,3
부추 초무침,생채·무침류,12,2,1,0,0,94,3
브로콜리 두부무침,생채·무침류,18,3,1,0,0,84,3
브로콜리무침,생채·무침류,16,4,1,0,0,88,3
삼색냉채,생채·무침류,102,11,8,3,1,548,3
새싹 샐러드,생채·무침류,122,5,1,11,1,77,3
새우무침,생채·무침류,87,4,10,3,0,125,3
소라무침,생채·무침류,111,7,17,1,0,50,3
청포묵 무침,생채·무침류,64,10,2,3,2,423,3
파래무침,생채·무침류,15,3,1,0,1,215,3
파래무침(무),생채·무침류,21,4,1,1,1,167,3
파래무침(액젓),생채·무침류,22,3,2,1,1,321,3
풋고추된장무침,생채·무침류,22,4,1,0,1,195,3
풋마늘무침,생채·무침류,27,6,1,1,1,108,3
피조개무침,생채·무침류,116,14,11,2,2,460,3
가오리회무침,생채·무침류,127,17,13,1,3,443,3
감자샐러드,생채·무침류,129,12,2,8,1,246,3
겨자채,생채·무침류,180,6,8,13,1,27,3
단호박 샐러드,생채·무침류,62,5,1,5,1,42,3
달걀 샐러드,생채·무침류,263,9,10,21,1,289,0
닭가슴살 샐러드(마요네즈),생채·무침류,162,8,12,9,2,225,3
닭가슴살 샐러드(드레싱),생채·무침류,111,6,12,4,2,168,3
닭고기냉채,생채·무침류,108,9,16,1,2,32,3
닭튀김 샐러드,생채·무침류,237,12,11,16,2,306,0
부추무침(양파),생채·무침류,10,2,1,0,0,84,3
부추무침(채소),생채·무침류,12,2,1,1,0,89,3
북어채무침,생채·무침류,134,6,21,2,0,264,3
샐러드(단호박),생채·무침류,64,5,1,5,1,41,3
양장피,생채·무침류,279,18,37,6,6,1247,0
얼갈이 겉절이,생채·무침류,23,4,1,1,2,190,3
오이무침,생채·무침류,38,6,1,1,1,3,3
오이생채(부추),생채·무침류,8,2,0,0,0,97,3
오이생채(양파),생채·무침류,24,5,1,0,1,154,3
오이생채(고추장),생채·무침류,20,4,1,0,0,222,3
오이지무침,생채·무침류,43,3,1,3,0,372,3
오이지무침(고추),생채·무침류,14,2,0,0,0,911,3
오징어무침(채소),생채·무침류,50,4,7,1,0,174,3
오징어채무침,생채·무침류,100,8,12,2,0,350,3
참나물 겉절이,생채·무침류,8,1,0,0,0,49,3
참나물 겉절이(단감),생채·무침류,11,2,0,0,0,48,3
도라지생채(북어),생채·무침류,106,9,14,2,1,520,3
도토리묵무침,생채·무침류,56,12,1,1,1,179,3
돌나물,생채·무침류,22,5,1,0,0,139,3
두릅무침,생채·무침류,63,10,3,2,1,1258,3
마늘장아찌무침,생채·무침류,40,9,1,0,0,322,3
마늘쫑무침,생채·무침류,28,6,1,0,1,101,3
무말랭이무침(오징어),생채·무침류,150,21,10,3,6,283,3
무생채(굴),생채·무침류,40,6,3,1,1,675,3
무생채(미나리),생채·무침류,39,7,1,1,2,507,3
미나리무침,생채·무침류,10,1,0,0,0,86,3
미나리무침(고추장),생채·무침류,20,4,1,0,1,109,3
쑥갓나물(두부),나물·숙채류,16,1,2,1,0,94,3
쑥갓나물(모듬채소),나물·숙채류,12,1,1,1,0,110,3
씀바귀나물,나물·숙채류,23,4,1,1,1,178,3
애호박나물,나물·숙채류,18,3,1,1,1,81,3
양배추 초나물,나물·숙채류,75,11,2,3,2,198,3
얼갈이 나물,나물·숙채류,48,4,2,3,2,1483,3
오이나물,나물·숙채류,79,3,1,7,0,338,3
토란대나물,나물·숙채류,16,2,0,1,0,87,3
간재미회무침,생채·무침류,127,17,13,1,3,443,3
개고기무침,생채·무침류,750,23,47,55,14,688,4
곤약무침(마요네즈),생채·무침류,62,3,1,6,1,89,3
골뱅이무침(소면),생채·무침류,306,42,25,5,4,1035,0
과일샐러드,생채·무침류,112,10,1,8,1,56,3
굴무침(채소),생채·무침류,20,2,2,1,0,155,3
굴무침(무),생채·무침류,14,2,1,0,0,160,3
낙지무침,생채·무침류,88,7,14,1,1,678,3
다시마무침,생채·무침류,39,4,2,2,2,322,3
고사리나물,나물·숙채류,20,2,2,1,1,100,3
고춧잎나물,나물·숙채류,18,2,1,1,0,95,3
근대나물,나물·숙채류,56,6,2,3,2,460,3
냉이초나물,나물·숙채류,77,12,4,2,4,261,3
도라지나물,나물·숙채류,22,3,0,1,1,80,3
머위나물,나물·숙채류,15,1,1,1,0,110,3
모듬배추나물(된장),나물·숙채류,40,5,2,2,2,324,3
무나물,나물·숙채류,17,2,0,1,0,82,3
무청나물,나물·숙채류,80,6,3,5,3,367,3
민들레무침,나물·숙채류,14,2,1,0,0,122,3
방풍나물(고추장),나물·숙채류,18,4,1,0,1,72,3
방풍나물(된장),나물·숙채류,16,2,1,0,1,75,3
방풍나물(소금),나물·숙채류,12,2,1,0,1,54,3
부추나물,나물·숙채류,9,1,1,0,0,68,3
비름나물,나물·숙채류,14,2,1,0,1,74,3
비름나물(간장),나물·숙채류,12,1,1,1,1,95,3
비름나물(된장),나물·숙채류,14,2,1,1,1,96,3
쑥갓나물,나물·숙채류,10,1,1,0,0,141,3
시금치나물(당근),나물·숙채류,12,1,1,0,0,111,3
시래기나물,나물·숙채류,60,11,2,2,3,1032,3
시래기나물(간장 소금),나물·숙채류,22,2,1,1,1,148,3
열무나물(된장),나물·숙채류,36,4,3,1,1,324,3
유채나물,나물·숙채류,36,5,4,1,3,496,3
유채나물(간장 소금),나물·숙채류,15,2,1,1,1,108,3
유채나물(된장),나물·숙채류,24,3,2,1,1,146,3
참나물,나물·숙채류,57,11,2,1,5,240,3
청경채나물,나물·숙채류,14,2,1,1,0,156,3
취나물(된장),나물·숙채류,63,11,3,2,4,215,3
취나물무침(간장),나물·숙채류,45,7,2,2,2,252,3
취나물무침(소금),나물·숙채류,69,9,2,3,3,537,3
콩나물무침(고추),나물·숙채류,14,1,1,1,0,138,3
콩나물무침(당근),나물·숙채류,14,1,1,1,0,58,3
콩나물무침(당근 시금치),나물·숙채류,12,1,1,1,0,60,3
콩나물무침(부추),나물·숙채류,12,1,1,1,0,84,3
콩나물무침(시금치),나물·숙채류,10,1,1,1,0,67,3
톳나물(두부),나물·숙채류,42,4,4,2,3,218,3
잔멸치 튀김,튀김류,158,7,9,10,0,1202,3
조기튀김,튀김류,160,4,15,9,0,94,3
채소튀김,튀김류,101,12,1,5,0,138,3
탕수어,튀김류,319,44,14,9,1,365,0
가지나물,나물·숙채류,31,5,1,1,2,296,3
고구마줄기나물(고춧가루),나물·숙채류,16,3,1,0,1,95,3
고구마줄기나물(들깨),나물·숙채류,23,2,1,1,1,77,3
냉이나물,나물·숙채류,25,4,2,1,2,136,3
미나리나물(고추장),나물·숙채류,12,2,1,0,1,60,3
미나리나물(모듬),나물·숙채류,10,1,0,0,0,76,3
미나리나물(팽이버섯),나물·숙채류,8,1,0,0,0,84,3
배추나물,나물·숙채류,38,5,2,2,1,292,3
배추나물(간장),나물·숙채류,27,4,2,1,1,192,3
숙주나물,나물·숙채류,7,1,1,0,0,140,3
숙주나물(미나리),나물·숙채류,31,3,2,1,2,280,3
시금치나물(고추장),나물·숙채류,12,2,1,0,0,100,3
돼지갈비강정,튀김류,345,19,23,18,0,487,0
돼지고기강정,튀김류,284,14,24,14,0,842,0
돼지고기튀김,튀김류,163,5,15,9,0,377,3
두부 탕수,튀김류,226,28,8,9,3,1174,3
두부튀김,튀김류,188,15,10,10,2,405,3
등심돈가스,튀김류,405,30,30,16,1,922,0
비프까스,튀김류,572,34,22,38,1,718,4
새우 탕수,튀김류,262,21,19,11,1,413,0
소고기튀김,튀김류,295,12,12,22,0,489,0
소시지튀김,튀김류,234,15,10,14,0,715,3
식빵튀김,튀김류,197,28,5,7,1,258,3
쑥튀김,튀김류,141,12,4,8,1,333,3
양념 돼지고기튀김,튀김류,364,27,25,17,1,668,0
어묵튀김,튀김류,169,14,8,8,0,750,3
연근튀김,튀김류,188,20,4,10,2,468,3
오징어탕수,튀김류,303,25,16,14,0,476,0
우럭튀김,튀김류,179,12,15,7,0,1186,3
임연수튀김,튀김류,265,13,19,14,0,817,0
생선까스(소스),튀김류,510,16,17,42,0,442,4
탕수육,튀김류,388,38,23,15,1,501,0
새우튀김,튀김류,171,19,8,6,1,379,3
오징어튀김,튀김류,81,4,5,5,0,151,3
가자미튀김,튀김류,94,3,5,7,0,215,3
가지탕수,튀김류,301,41,4,13,4,461,3
갈치튀김,튀김류,78,2,5,5,0,172,3
게맛살튀김,튀김류,357,44,10,14,0,737,0
느타리버섯튀김,튀김류,137,12,4,8,0,333,3
달걀튀김,튀김류,236,14,9,15,0,112,3
닭강정,튀김류,403,39,33,11,0,320,0
닭고기 탕수,튀김류,218,20,17,7,0,138,0
대구튀김,튀김류,236,11,22,10,0,1133,0
도라지튀김,튀김류,138,14,4,7,2,366,3
도미튀김,튀김류,186,12,16,8,0,1063,3
동태튀김,튀김류,177,10,13,9,0,990,3
홍어회무침,생채·무침류,145,15,13,4,2,1395,3
완자조림,조림류,231,17,20,9,2,306,0
적어조림,조림류,110,7,14,2,1,290,3
전어조림,조림류,94,3,14,2,0,146,3
콩조림,조림류,188,21,13,6,6,589,3
감자튀김,튀김류,207,29,4,9,5,757,3
깐쇼새우,튀김류,495,49,26,21,2,878,0
떡강정,튀김류,522,95,7,13,2,783,2
북어강정,튀김류,153,14,7,8,0,849,3
햄샐러드,생채·무침류,236,26,7,12,2,282,3
건꼴뚜기조림(풋고추),조림류,90,3,9,4,0,323,3
게조림,조림류,168,2,34,1,0,1312,0
고구마조림,조림류,162,37,2,1,3,823,3
곤약조림,조림류,38,6,1,2,2,289,3
꽈리고추조림(멸치),조림류,46,4,6,1,0,368,3
다시마조림,조림류,39,4,2,2,2,322,3
단호박조림,조림류,71,15,2,1,4,815,3
도루묵조림,조림류,127,7,14,4,1,387,3
돼지고기 장조림,조림류,75,4,8,3,0,614,3
돼지고기 장조림(메추리알),조림류,72,3,7,3,0,450,3
마늘쫑조림(멸치),조림류,30,5,2,1,0,180,3
메추리알 돼지고기장조림,조림류,105,4,10,5,0,416,3
메추리알 어묵조림,조림류,105,10,6,4,0,541,3
메추리알장조림(꽈리고추),조림류,72,4,5,4,0,235,3
모듬 콩조림,조림류,27,2,2,1,0,48,3
새우조림,조림류,232,12,28,7,1,1159,0
소고기 장조림,조림류,94,3,7,5,0,420,3
소고기 장조림(메추리알),조림류,76,3,7,4,0,318,3
땅콩조림,조림류,40,2,2,3,0,37,3
멸치조림,조림류,90,4,9,4,0,673,3
무조림,조림류,37,7,2,1,1,821,3
미트볼조림,조림류,133,12,5,7,6,332,3
버섯조림,조림류,20,4,1,0,0,156,3
삼치조림,조림류,60,4,7,1,1,286,3
양미리조림,조림류,176,7,22,5,0,352,0
어묵조림,조림류,170,22,9,5,0,851,3
어묵조림(풋고추),조림류,143,17,8,5,0,833,3
오징어조림,조림류,94,8,13,1,1,441,3
우엉조림,조림류,79,16,2,1,2,334,3
장조림(메추리알),조림류,72,4,5,4,0,236,3
쥐포조림,조림류,89,10,9,1,0,273,3
코다리조림,조림류,34,2,5,1,0,154,3
코다리조림(무),조림류,112,7,16,2,1,378,3
코다리조림(간장),조림류,58,5,8,1,0,331,3
건갈치조림,조림류,72,3,8,3,0,784,3
해파리냉채,생채·무침류,26,5,1,0,0,273,3
제육볶음(오징어),볶음류,574,28,36,34,5,853,4
콩나물잡채,볶음류,150,5,7,11,1,218,3
피망볶음,볶음류,108,9,1,8,1,336,3
호박고지볶음,볶음류,125,24,3,3,4,1093,3
갈치조림(무),조림류,260,18,25,10,4,928,0
감자조림,조림류,53,11,1,1,1,194,3
고등어조림(무),조림류,89,5,8,4,1,294,3
고등어조림(배추김치),조림류,322,19,28,15,8,1286,0
고등어조림(모듬채소),조림류,48,3,4,2,0,137,3
고추조림(멸치),조림류,46,4,6,1,0,371,3
꽁치조림(채소),조림류,137,9,17,4,2,342,3
꽁치조림(김치),조림류,49,3,5,2,0,172,3
달걀조림,조림류,87,5,7,4,0,398,3
닭도리탕,조림류,445,32,37,19,6,946,0
닭조림,조림류,170,16,16,4,2,386,3
두부조림,조림류,170,12,14,7,5,557,3
낙지 삼겹살 볶음,볶음류,385,10,23,27,1,870,0
닭볶음,볶음류,384,35,41,8,4,756,0
두부볶음(돼지고기),볶음류,223,15,14,12,3,279,0
매운 어묵볶음,볶음류,90,11,5,3,0,397,3
모듬버섯볶음,볶음류,69,7,3,5,2,430,3
버섯 잡채,볶음류,298,13,10,24,5,414,0
베이컨채소볶음,볶음류,183,13,8,11,2,311,3
브로콜리 버섯볶음,볶음류,12,1,1,1,0,70,3
소간 채소볶음,볶음류,125,8,11,6,2,519,3
소고기채소볶음,볶음류,246,6,10,19,1,222,0
소곱창 볶음,볶음류,177,5,9,13,2,366,3
소시지 케첩볶음,볶음류,248,13,11,17,1,622,0
양송이버섯볶음(소고기),볶음류,122,6,5,9,1,253,3
어묵 감자볶음,볶음류,166,19,7,7,1,446,3
어묵잡채,볶음류,299,23,15,16,1,1000,0
우엉볶음,볶음류,102,10,3,6,3,290,3
제육볶음,볶음류,151,6,12,8,0,220,3
제육볶음(채소),볶음류,464,24,33,25,4,718,0
잔멸치볶음(모듬),볶음류,126,7,12,6,0,772,3
잡채(소고기),볶음류,314,41,7,14,4,799,0
잡채(부추),볶음류,136,21,5,4,2,216,3
주꾸미볶음(채소),볶음류,233,25,22,6,6,447,0
죽순볶음,볶음류,78,4,3,6,2,1,3
중식잡채,볶음류,374,61,10,10,4,504,2
쫄볶이,볶음류,945,185,30,9,8,4108,5
팔보채,볶음류,176,4,25,6,0,928,0
표고버섯볶음,볶음류,38,4,2,2,2,157,3
햄채소볶음,볶음류,141,8,13,6,1,701,3
호박볶음(호박),볶음류,19,2,1,1,0,164,3
호박볶음(호박 채소),볶음류,24,3,1,1,1,101,3
김치 돼지고기볶음,볶음류,56,2,4,3,1,147,3
꽈리고추볶음,볶음류,114,10,2,8,1,336,3
꽈리고추볶음(멸치),볶음류,71,5,7,2,0,420,3
꽈리고추볶음(잔멸치),볶음류,45,2,5,2,0,362,3
순대볶음(채소),볶음류,267,44,5,8,3,936,3
양파볶음,볶음류,72,5,1,5,1,340,3
어묵볶음,볶음류,138,17,8,4,0,573,3
어묵볶음(어묵),볶음류,89,11,5,3,0,399,3
어묵볶음(어묵 채소),볶음류,80,10,4,3,0,345,3
어묵볶음(채소),볶음류,81,10,4,3,0,343,3
오리볶음,볶음류,718,31,44,47,6,1067,4
오징어볶음(채소),볶음류,290,24,33,7,5,950,0
유산슬,볶음류,291,20,37,8,4,1890,0
잔멸치볶음(간장),볶음류,118,6,9,6,0,720,3
잔멸치볶음(견과류),볶음류,82,3,7,5,0,334,3
잔멸치볶음(잔멸치),볶음류,47,2,6,2,0,365,3
잔멸치볶음(잔멸치 견과류),볶음류,82,3,7,5,0,334,3
잔멸치볶음(잔멸치 꽈리고추),볶음류,45,2,5,2,0,363,3
잔멸치볶음(풋고추),볶음류,102,7,11,4,0,777,3
마늘쫑볶음(건어물),볶음류,36,3,4,1,0,212,3
마파두부,볶음류,139,10,8,7,2,397,3
멸치볶음,볶음류,91,4,12,3,0,615,3
멸치볶음(견과류),볶음류,26,1,2,2,0,80,3
멸치볶음(꽈리고추),볶음류,71,5,7,2,0,421,3
멸치볶음(멸치만),볶음류,91,4,12,3,0,616,3
문어볶음,볶음류,150,12,13,6,3,536,3
미역줄기볶음(미역줄기),볶음류,27,2,1,2,1,220,3
삼겹살볶음(낙지),볶음류,438,19,21,30,2,900,0
새송이버섯볶음(새송이버섯 채소),볶음류,18,2,1,1,1,102,3
소고기볶음,볶음류,241,5,10,19,1,467,0
소고기볶음(고추장),볶음류,248,13,10,17,1,379,0
소고기볶음(버섯),볶음류,97,4,6,6,0,206,3
소시지볶음(채소),볶음류,134,6,7,9,0,439,3
순대볶음(곱창),볶음류,719,82,34,30,17,1950,4
돼지고기볶음(김치),볶음류,218,14,19,9,4,702,0
돼지고기볶음(돼지고기),볶음류,536,26,38,32,4,672,4
돼지고기볶음(돼지고기 버섯),볶음류,469,30,39,22,5,971,0
돼지고기볶음(돼지고기 오징어),볶음류,558,28,36,34,5,877,4
돼지고기볶음(돼지고기 채소),볶음류,456,24,33,25,4,735,0
돼지고기볶음(케찹),볶음류,214,9,24,9,1,270,0
두부김치(돼지고기),볶음류,361,17,29,19,10,873,0
떡볶이(소고기),볶음류,292,51,7,7,2,846,3
떡볶이(소고기 버섯),볶음류,317,58,8,7,2,618,2
떡볶이(어묵),볶음류,130,27,3,1,1,367,3
떡볶이(양배추),볶음류,228,51,5,1,3,765,3
떡볶이(카레),볶음류,214,27,5,9,0,610,3
라볶이,볶음류,537,88,10,16,5,613,2
마늘쫑볶음(간장),볶음류,89,8,3,5,2,546,3
마늘쫑볶음(건새우),볶음류,30,3,3,1,0,190,3
마늘쫑볶음(멸치),볶음류,32,2,4,1,0,226,3
감자볶음(감자 당근),볶음류,42,7,1,1,1,112,3
감자볶음(채소),볶음류,97,19,3,1,3,144,3
감자볶음(풋고추),볶음류,106,17,3,3,3,420,3
감자볶음(양파),볶음류,124,17,3,5,2,291,3
감자볶음(햄),볶음류,191,16,6,12,2,799,3
건새우볶음,볶음류,109,5,10,5,0,944,3
건새우볶음(건새우),볶음류,72,3,9,2,0,639,3
건새우볶음(건새우 꽈리고추),볶음류,53,4,5,2,0,382,3
건새우볶음(풋고추),볶음류,143,11,9,7,0,757,3
고추잡채,볶음류,268,17,17,16,5,636,0
곱창볶음(돼지고기),볶음류,199,15,11,11,2,654,3
김치볶음,볶음류,30,3,1,1,1,269,3
김치볶음(김치),볶음류,27,3,1,1,1,278,3
김치볶음(돼지고기),볶음류,58,5,2,3,2,398,3
김치볶음(참치),볶음류,151,11,10,7,5,758,3
낙지볶음,볶음류,189,20,16,6,4,1344,3
느타리버섯볶음(느타리버섯),볶음류,19,2,1,1,1,117,3
녹두전,전·적 및 부침류,146,13,8,7,5,35,3
떡산적(소고기),전·적 및 부침류,229,27,13,8,2,589,3
모듬채소전,전·적 및 부침류,169,23,4,6,1,190,3
소고기 완자전,전·적 및 부침류,247,8,11,18,1,372,0
애호박부침개(새우),전·적 및 부침류,169,19,8,6,2,60,3
양파 소고기전,전·적 및 부침류,127,7,4,9,0,357,3
어묵전,전·적 및 부침류,213,23,10,9,0,712,3
오믈렛,전·적 및 부침류,154,3,9,12,0,440,3
옥수수부침,전·적 및 부침류,230,30,4,10,2,768,3
해물 완자전,전·적 및 부침류,155,8,12,8,0,111,3
가지볶음(가지),볶음류,21,2,1,1,0,124,3
가지볶음(가지 고추),볶음류,16,2,1,1,0,98,3
가지볶음(가지 당근),볶음류,28,3,1,1,1,127,3
감자볶음,볶음류,49,9,1,1,1,151,3
감자볶음(감자),볶음류,49,9,1,1,1,154,3
맛살전,전·적 및 부침류,212,27,9,7,0,885,3
부추전,전·적 및 부침류,213,32,5,6,2,248,3
새송이버섯전,전·적 및 부침류,60,6,3,4,1,88,3
애호박전,전·적 및 부침류,59,5,2,4,0,142,3
어육소시지전,전·적 및 부침류,142,10,7,8,0,353,3
완자전,전·적 및 부침류,321,16,11,23,4,162,0
장떡,전·적 및 부침류,138,19,3,5,1,187,3
파래전,전·적 및 부침류,79,13,2,2,0,113,3
파전(돼지고기 김치),전·적 및 부침류,152,20,8,4,1,768,3
파전(감자 김치),전·적 및 부침류,140,22,4,4,2,764,3
파전(굴 김치),전·적 및 부침류,139,20,5,4,1,609,3
해물파전,전·적 및 부침류,162,16,9,6,0,409,3
햄구이,구이류,91,1,12,4,0,455,3
가지전,전·적 및 부침류,110,11,3,6,2,518,3
감자전,전·적 및 부침류,140,21,3,5,2,104,3
김치전,전·적 및 부침류,220,35,5,6,2,423,3
녹두빈대떡(돼지고기),전·적 및 부침류,368,45,20,12,15,229,0
녹두빈대떡(채소),전·적 및 부침류,157,26,7,3,4,1105,3
녹두빈대떡(해물),전·적 및 부침류,135,17,9,3,2,1030,3
녹두빈대떡(해물 돼지고기),전·적 및 부침류,162,17,14,4,2,879,3
달걀말이(부추),전·적 및 부침류,51,0,4,4,0,94,3
달걀부침(달걀후라이),전·적 및 부침류,133,2,8,9,0,335,3
소안심스테이크,구이류,457,6,39,29,1,561,4
쑥전(부침개),구이류,123,13,5,6,4,519,3
양태구이,구이류,107,0,14,5,0,672,3
오징어불고기,구이류,285,17,38,8,3,848,0
우럭구이,구이류,111,0,14,6,0,703,3
우엉 양념구이,구이류,145,26,4,3,4,130,3
은대구구이,구이류,137,0,9,10,0,762,3
장어 양념구이,구이류,228,12,11,15,1,534,0
장어 양념구이(들깨),구이류,151,12,12,6,0,381,3
적어구이,구이류,111,0,13,6,0,766,3
전갱이구이,구이류,127,0,16,7,0,672,3
조기 양념구이,구이류,153,8,15,6,0,1140,3
조기 오븐구이,구이류,32,0,5,1,0,26,3
조미 김구이,구이류,26,1,1,2,0,201,3
채소 꼬치구이,구이류,136,21,4,3,1,609,3
청어구이,구이류,258,0,16,20,0,782,0
칠면조구이,구이류,88,0,13,3,0,235,3
키조개구이,구이류,75,2,9,3,0,881,3
감자그라탕,구이류,142,18,4,6,2,310,3
넙치구이,구이류,133,0,16,7,0,706,3
느타리버섯 구이,구이류,55,5,2,4,2,338,3
닭꼬치구이,구이류,163,5,29,2,0,110,0
도다리구이,구이류,121,1,19,4,0,823,3
동태양념구이,구이류,98,1,16,3,0,482,3
돼지고기 꼬치구이,구이류,188,3,28,6,0,125,0
돼지고기 스테이크,구이류,126,6,15,4,1,414,3
민어구이,구이류,106,0,13,6,0,703,3
베이컨떡말이구이,구이류,304,38,8,13,2,722,0
병어구이,구이류,121,0,11,8,0,775,3
북어양념구이,구이류,233,11,35,5,1,484,0
새송이버섯 구이,구이류,55,5,2,4,2,341,3
서대구이,구이류,128,1,20,5,0,932,3
소갈비 구이,구이류,644,19,31,47,1,1035,4
소곱창 구이,구이류,113,2,6,8,0,196,3
소등심 스테이크,구이류,675,2,32,57,0,900,4
소등심구이,구이류,560,0,28,47,0,855,4
새우구이,구이류,102,0,22,1,0,969,3
소내장구이,구이류,239,2,18,17,0,148,0
소불고기(버섯),구이류,466,32,29,26,3,1027,0
오리고기로스,구이류,574,2,39,45,0,531,4
오리불고기,구이류,165,12,18,5,1,318,3
옥돔구이,구이류,90,0,11,4,0,76,3
옥수수구이,구이류,133,14,1,8,0,156,3
옥수수구이(치즈),구이류,98,10,3,5,0,130,3
장어구이(고추장),구이류,255,9,19,16,1,393,0
장어구이(소금),구이류,253,0,18,19,0,363,0
전어구이,구이류,119,0,21,3,0,695,3
조기구이,구이류,101,0,13,5,0,539,3
참치구이,구이류,204,0,22,12,0,728,0
황태구이(양념),구이류,245,10,35,6,1,517,0
김부각,튀김류,79,10,3,4,2,65,3
감자구이,구이류,133,20,3,5,3,1,3
고등어구이,구이류,241,5,16,17,0,352,0
고등어구이(기름),구이류,245,5,16,17,0,352,0
굴비구이,구이류,92,1,9,6,0,82,3
꼬치구이(닭모래집 고추장),구이류,154,2,28,3,0,108,0
꼬치구이(닭모래집 간장),구이류,120,4,21,2,0,340,3
꽁치구이,구이류,164,2,19,8,0,482,0
닭구이,구이류,205,8,19,10,0,675,0
닭날개구이,구이류,229,2,23,13,0,164,0
닭다리구이,구이류,227,1,20,15,0,172,0
돼지갈비구이,구이류,238,12,14,14,0,387,0
돼지불고기(고추장),구이류,186,12,20,6,1,284,0
런천미트구이,구이류,129,5,9,8,0,467,3
삼치구이,구이류,243,2,36,9,0,631,0
고등어튀김,튀김류,126,2,6,10,0,262,3
개고기 수육,찜류,452,6,32,34,2,108,4
고등어찜,찜류,176,6,16,9,2,304,3
굴찜,찜류,140,16,11,4,2,913,3
꽃게찜,찜류,416,41,47,11,14,1736,0
도미찜,찜류,118,7,18,2,2,193,3
돼지사태찜,찜류,149,12,13,5,1,367,3
두부 달걀찜,찜류,92,3,8,5,2,179,3
메기찜,찜류,375,28,39,12,7,792,0
명란찜,찜류,76,4,9,3,0,1415,3
미더덕찜,찜류,92,10,9,2,1,465,3
바지락찜,찜류,122,13,12,3,2,1218,3
세발낙지찜,찜류,444,23,33,26,7,1410,0
소고기스튜,찜류,239,12,13,15,2,396,0
소고기찜,찜류,238,10,11,17,2,321,0
연두부찜,찜류,103,6,8,5,1,323,3
오징어찜,찜류,93,4,14,2,1,188,3
갈치구이,구이류,206,1,18,14,0,473,0
고구마깻잎튀김,튀김류,253,45,4,6,2,530,3
돼지갈비찜,찜류,473,16,36,28,1,850,0
돼지갈비찜(배추김치),찜류,400,24,26,22,9,1516,0
복찜,찜류,184,21,18,5,6,699,0
소갈비찜,찜류,832,48,40,53,4,2182,4
소갈비찜(해물),찜류,1534,97,128,68,14,1938,1
수육(소고기),찜류,109,1,17,4,0,495,3
수육(소고기 꼬리),찜류,151,0,11,11,0,29,3
애호박찜,찜류,46,6,2,2,2,739,3
코다리찜,찜류,92,7,12,2,1,298,3
풋고추찜,찜류,82,14,3,2,3,524,3
해물콩나물찜,찜류,434,33,60,9,11,1182,0
홍어찜,찜류,102,4,18,1,0,668,3
황태콩나물찜,찜류,533,45,66,13,16,1586,4
가자미찜,찜류,133,5,20,3,1,589,3
가지찜,찜류,120,10,6,6,2,402,3
콩나물찌개,찌개 및 전골류,30,3,4,1,1,548,3
해물 매운탕,찌개 및 전골류,221,12,37,3,4,1358,0
해물전골,찌개 및 전골류,130,10,16,3,3,890,3
홍어찌개,찌개 및 전골류,319,20,48,6,9,525,0
가오리찜,찜류,174,21,16,5,7,762,3
가오리콩나물찜,찜류,174,21,16,5,7,666,3
김치찜(돼지고기),찜류,396,21,29,21,9,1598,0
꼬막찜,찜류,30,2,4,1,0,193,3
꽃게콩나물찜,찜류,416,41,47,11,14,1672,0
꽈리고추찜,찜류,41,8,1,1,1,155,3
낙지찜,찜류,444,23,33,26,7,1302,0
단호박찜,찜류,37,9,1,0,1,2,3
달걀찜,찜류,131,2,12,8,0,958,3
달걀찜(새우젓),찜류,22,1,2,1,0,92,3
닭찜(간장),찜류,178,11,25,3,1,587,0
대구볼찜,찜류,288,34,27,8,11,915,0
꽁치튀김,튀김류,105,2,5,8,0,222,3
복지리,찌개 및 전골류,180,9,34,2,3,1254,0
볼락 매운탕,찌개 및 전골류,107,10,12,2,2,680,3
붕어 매운탕,찌개 및 전골류,138,6,19,4,3,672,3
삼치찌개,찌개 및 전골류,148,10,18,4,2,1031,3
섞어찌개(모듬찌개),찌개 및 전골류,188,18,8,10,5,933,3
송어 매운탕,찌개 및 전골류,149,11,18,4,3,681,3
숭어 매운탕,찌개 및 전골류,141,11,19,2,3,665,3
아귀 매운탕,찌개 및 전골류,150,13,22,2,5,1104,0
애호박찌개,찌개 및 전골류,39,8,2,0,3,599,3
애호박찌개(감자),찌개 및 전골류,116,12,11,3,4,640,3
어묵 매운탕,찌개 및 전골류,216,28,15,5,2,1482,3
연두부찌개,찌개 및 전골류,108,7,12,4,2,750,3
우럭 매운탕,찌개 및 전골류,203,20,24,4,7,1008,0
잉어 매운탕,찌개 및 전골류,143,11,16,4,3,637,3
잡탕전골,찌개 및 전골류,272,24,24,8,3,1355,0
장어매운탕,찌개 및 전골류,160,11,16,6,3,640,3
조기찌개,찌개 및 전골류,55,5,6,2,1,226,3
참치찌개,찌개 및 전골류,146,11,19,3,2,1067,3
김치순두부,찌개 및 전골류,42,2,5,2,0,107,3
김치순두부(바지락),찌개 및 전골류,178,8,20,7,2,571,0
김치순두부(해물),찌개 및 전골류,94,4,11,4,2,516,3
꽃게 매운탕,찌개 및 전골류,72,3,13,1,0,394,3
대구 매운탕,찌개 및 전골류,93,6,15,1,2,657,3
대구 매운탕(내장),찌개 및 전골류,117,7,20,1,2,642,3
대구 매운탕(내장 알),찌개 및 전골류,123,8,20,2,2,600,3
대구지리,찌개 및 전골류,96,5,16,1,3,918,3
대구탕,찌개 및 전골류,342,38,36,7,8,2167,0
도루묵찌개,찌개 및 전골류,311,20,34,11,6,306,0
명태 매운탕,찌개 및 전골류,306,20,44,6,9,362,0
모듬채소전골,찌개 및 전골류,90,9,8,3,4,652,3
민어 매운탕,찌개 및 전골류,158,13,20,4,4,630,3
버섯 샤브샤브,찌개 및 전골류,132,12,10,7,4,698,3
번데기탕,찌개 및 전골류,46,1,4,3,0,218,3
병어찌개,찌개 및 전골류,161,10,16,6,2,1449,3
보신탕,찌개 및 전골류,252,13,18,16,6,390,0
복 매운탕,찌개 및 전골류,186,14,31,2,6,1368,0
소고기 샤브샤브,찌개 및 전골류,428,38,27,19,5,1060,0
소고기전골,찌개 및 전골류,190,10,12,12,4,500,3
순대전골,찌개 및 전골류,342,28,25,14,6,720,0
아귀지리,찌개 및 전골류,113,5,21,1,1,470,3
알탕(해물),찌개 및 전골류,432,22,64,10,7,1466,4
오리백숙,찌개 및 전골류,1004,45,60,63,2,551,4
오리탕,찌개 및 전골류,874,31,56,59,10,1151,4
오징어찌개,찌개 및 전골류,94,9,13,1,1,708,3
청국장찌개,찌개 및 전골류,108,12,10,2,5,703,3
청국장찌개(해물),찌개 및 전골류,89,9,9,2,3,528,3
청국장찌개(모듬),찌개 및 전골류,101,11,9,2,5,581,3
콩비지찌개,찌개 및 전골류,202,15,19,7,10,563,0
가자미 매운탕,찌개 및 전골류,170,8,25,5,3,715,0
감자 소고기찌개,찌개 및 전골류,151,12,10,7,3,842,3
광어 매운탕,찌개 및 전골류,378,18,53,10,6,330,0
국수전골,찌개 및 전골류,403,67,16,8,5,1364,2
된장찌개(두부 호박),찌개 및 전골류,122,10,12,4,5,619,3
된장찌개(바지락),찌개 및 전골류,187,20,15,5,7,1129,3
된장찌개(소고기),찌개 및 전골류,139,10,10,6,4,842,3
된장찌개(미더덕),찌개 및 전골류,86,7,9,3,3,1138,3
된장찌개(콩나물),찌개 및 전골류,88,8,9,3,4,877,3
매운탕(동태 해물),찌개 및 전골류,335,16,53,6,7,1348,0
매운탕(메기 해물),찌개 및 전골류,324,32,30,9,6,1649,0
매운탕(해물),찌개 및 전골류,214,12,36,3,4,1066,0
버섯전골,찌개 및 전골류,137,14,10,7,6,703,3
버섯전골(소고기),찌개 및 전골류,236,19,16,12,4,576,0
불낙전골,찌개 및 전골류,276,18,28,11,4,1000,0
불낙전골(해물),찌개 및 전골류,323,23,28,14,5,785,0
고추장찌개(두부),찌개 및 전골류,224,17,21,9,5,552,0
곱창전골,찌개 및 전골류,268,15,20,15,5,633,0
김치전골,찌개 및 전골류,220,27,16,6,7,396,0
김치찌개(꽁치),찌개 및 전골류,113,6,10,6,3,564,3
김치찌개(돼지고기),찌개 및 전골류,214,16,17,9,5,830,0
김치찌개(돼지고기 두부),찌개 및 전골류,110,7,12,3,4,438,3
김치찌개(참치),찌개 및 전골류,106,6,9,5,3,470,3
김치찌개(삼겹살),찌개 및 전골류,187,7,8,13,3,499,3
꽁치찌개(김치),찌개 및 전골류,144,7,15,6,3,749,3
꽃게탕,찌개 및 전골류,186,15,25,3,4,817,0
낙지전골,찌개 및 전골류,150,15,18,3,4,851,3
내장전골,찌개 및 전골류,273,14,25,14,5,602,0
동태찌개,찌개 및 전골류,152,13,20,3,5,1080,3
돼지고기찌개,찌개 및 전골류,202,10,15,11,2,518,0
된장찌개(냉이),찌개 및 전골류,76,11,7,1,4,1784,3
된장찌개(달래),찌개 및 전골류,160,7,14,9,3,752,3
어묵국물,국 및 탕류,21,3,2,0,0,702,3
어묵탕,국 및 탕류,180,24,13,4,1,1530,3
어묵탕(고춧가루),국 및 탕류,216,28,15,5,2,1440,3
얼갈이 된장국,국 및 탕류,30,4,2,1,2,561,3
올갱이해장국,국 및 탕류,107,9,10,4,4,896,3
조개 미역국,국 및 탕류,33,3,4,1,1,723,3
조개탕,국 및 탕류,36,2,5,0,0,333,3
참치 미역국,국 및 탕류,83,3,11,4,1,947,3
콩나물 선짓국(낙지),국 및 탕류,161,14,24,3,6,1120,0
콩나물 황태국,국 및 탕류,90,3,14,3,0,387,3
해물 된장국,국 및 탕류,122,6,19,2,1,1021,3
호박 된장국,국 및 탕류,29,4,2,1,1,360,3
홍합 미역국,국 및 탕류,15,1,2,0,0,234,3
홍합국(홍합탕),국 및 탕류,51,2,8,1,0,411,3
갈치찌개,찌개 및 전골류,176,12,16,6,3,530,3
감자탕,찌개 및 전골류,176,15,19,4,4,708,3
개고기전골,찌개 및 전골류,466,15,35,32,8,687,4
바지락 된장국,국 및 탕류,48,5,5,1,2,390,3
바지락 미역국,국 및 탕류,39,4,6,1,2,912,3
배추 된장국,국 및 탕류,31,4,2,1,1,406,3
배추 된장국(바지락),국 및 탕류,80,7,10,2,3,1034,3
배추 된장국(소고기),국 및 탕류,140,7,10,8,2,693,3
뼈다귀해장국,국 및 탕류,136,6,18,4,2,702,3
새우젓국,국 및 탕류,74,7,6,2,3,883,3
선지해장국(내장),국 및 탕류,204,12,26,6,3,1668,0
선짓국,국 및 탕류,162,13,22,3,4,1488,0
선짓국(내장),국 및 탕류,270,12,32,10,3,1902,0
소고기 미역국,국 및 탕류,63,3,5,4,2,774,3
소고기 미역국(바지락),국 및 탕류,33,3,3,2,2,729,3
소고기국(무 당면),국 및 탕류,191,16,10,9,1,34,3
시금치 된장국,국 및 탕류,36,5,3,1,2,534,3
시래기 된장국,국 및 탕류,33,5,2,1,3,498,3
쑥 된장국,국 및 탕류,39,5,3,1,2,456,3
아욱 된장국,국 및 탕류,36,6,3,1,3,456,3
어묵국,국 및 탕류,192,25,13,5,2,1500,3
깻잎튀김,튀김류,144,12,4,8,1,333,3
김치 콩나물국,국 및 탕류,33,4,3,1,2,438,3
꼬리곰탕,국 및 탕류,320,18,18,17,0,632,0
꼬리곰탕(당면),국 및 탕류,392,17,23,24,1,1065,0
낙지탕(맑은탕),국 및 탕류,96,5,18,1,1,852,3
동태국,국 및 탕류,51,4,8,0,1,653,3
냉이 된장국,국 및 탕류,48,6,4,1,3,534,3
다슬기 된장국,국 및 탕류,69,8,6,2,3,384,3
닭고기 미역국,국 및 탕류,59,2,9,2,1,535,3
두부 달걀탕,국 및 탕류,144,5,15,7,3,736,3
두부 된장국,국 및 탕류,57,4,6,2,2,465,3
두부 된장국(바지락),국 및 탕류,63,5,6,2,2,375,3
두부 된장국(유부),국 및 탕류,75,5,5,4,2,621,3
두부국,국 및 탕류,51,3,5,2,1,500,3
메밀묵국,국 및 탕류,94,17,2,2,2,360,3
몸국,국 및 탕류,143,10,19,4,6,774,3
무 된장국,국 및 탕류,42,6,3,1,1,521,3
무 북어국,국 및 탕류,81,3,12,2,0,468,3
미역 된장국,국 및 탕류,42,5,3,2,3,966,3
깐풍기,튀김류,342,30,24,14,5,252,0
삼계탕,국 및 탕류,792,51,67,34,4,522,4
새우탕,국 및 탕류,304,19,47,4,6,1650,0
오징어국,국 및 탕류,72,5,11,1,1,705,3
육개장(닭고기),국 및 탕류,164,10,21,5,3,496,0
육개장(소고기),국 및 탕류,241,12,12,16,4,1327,0
육개장(돼지고기),국 및 탕류,147,11,19,4,3,595,3
콩나물국,국 및 탕류,12,1,2,0,0,230,3
콩나물국(고춧가루),국 및 탕류,24,3,2,1,1,513,3
콩나물국(김치),국 및 탕류,27,3,3,1,1,492,3
콩나물국(청양고추),국 및 탕류,24,3,3,1,1,537,3
토란국,국 및 탕류,109,11,6,5,2,582,3
감자 된장국,국 및 탕류,70,11,4,1,2,691,3
건새우 미역국,국 및 탕류,86,3,12,3,1,1165,3
고디국(다슬기맑은국),국 및 탕류,51,5,4,2,2,288,3
근대 된장국,국 및 탕류,30,4,3,1,2,552,3
김국,국 및 탕류,42,7,3,1,1,365,3
김치 된장국,국 및 탕류,42,6,3,1,3,669,3
망둥어찌개,찌개 및 전골류,131,10,18,3,2,1443,3
닭고기육개장,국 및 탕류,164,10,21,4,3,496,0
닭곰탕,국 및 탕류,225,8,29,8,1,508,0
닭백숙,국 및 탕류,342,27,26,13,1,299,0
무국,국 및 탕류,22,4,1,1,1,589,3
무국(들깨),국 및 탕류,40,4,2,2,1,459,3
무국(소고기 콩나물),국 및 탕류,108,6,9,5,2,492,3
무국(소고기 느타리),국 및 탕류,75,4,4,5,1,219,3
무국(어묵),국 및 탕류,67,8,6,1,0,714,3
미역국,국 및 탕류,26,2,4,1,1,814,3
미역냉국(오이),국 및 탕류,33,8,2,0,1,870,3
미역냉국(오이 고추),국 및 탕류,33,8,2,0,2,759,3
배추국(들깨),국 및 탕류,64,6,3,4,3,682,3
북어국(무),국 및 탕류,90,3,14,2,0,444,3
북어국(콩나물),국 및 탕류,90,3,14,3,0,387,3
북어국(달걀),국 및 탕류,96,3,15,3,0,450,3
사골국,국 및 탕류,197,17,10,9,1,34,3
흑임자 죽,죽 및 스프류,275,42,6,9,2,337,3
굴죽,죽 및 스프류,277,43,6,8,1,508,3
대합죽,죽 및 스프류,275,43,6,7,1,578,3
땅콩죽,죽 및 스프류,300,47,9,9,2,370,3
복죽,죽 및 스프류,277,44,7,7,0,399,3
소고기 감자죽,죽 및 스프류,282,44,10,6,2,122,3
오리감자죽,죽 및 스프류,293,46,11,6,3,365,3
잡곡죽,죽 및 스프류,263,46,11,4,7,383,3
홍합 미나리죽,죽 및 스프류,205,42,6,1,3,435,3
홍합 소고기죽,죽 및 스프류,296,42,14,7,2,122,0
갈비탕,국 및 탕류,391,18,20,25,0,518,0
갈비탕(소금제외),국 및 탕류,659,31,41,40,2,459,4
굴국(두부),국 및 탕류,58,3,6,2,0,746,3
김치국(콩나물),국 및 탕류,14,2,1,0,1,192,3
내장탕,국 및 탕류,201,10,13,12,4,1809,3
비빔냉면,면 및 만두류,540,87,23,10,6,912,2
어묵 우동,면 및 만두류,568,102,17,9,5,2144,2
오븐스파게티,면 및 만두류,854,117,39,24,8,840,5
장국국수,면 및 만두류,576,79,26,15,2,1992,2
쟁반국수,면 및 만두류,616,104,23,13,7,891,2
짜장면,면 및 만두류,918,175,32,15,19,2466,5
짬뽕라면,면 및 만두류,696,94,26,22,6,696,2
치즈 스파게티(해물),면 및 만두류,693,106,32,15,8,931,2
해물 스파게티,면 및 만두류,574,90,34,8,7,875,2
회냉면,면 및 만두류,586,105,25,6,5,2154,2
닭죽,죽 및 스프류,552,91,37,3,3,740,2
전복죽,죽 및 스프류,444,76,15,8,3,870,2
채소죽(달걀),죽 및 스프류,366,59,8,10,3,498,2
팥죽,죽 및 스프류,179,35,7,0,4,339,3
호박죽,죽 및 스프류,348,80,7,1,9,636,2
두부 청국장찌개,찌개 및 전골류,94,10,8,2,4,528,3
쟁반짜장,면 및 만두류,1305,213,53,24,14,2889,5
중식우동,면 및 만두류,874,147,45,8,8,1939,5
짬뽕,면 및 만두류,860,149,43,13,17,1950,5
쫄면,면 및 만두류,858,170,26,7,7,4088,5
칼국수,면 및 만두류,499,103,14,1,4,947,2
칼국수(소고기),면 및 만두류,570,90,22,11,3,1790,2
해물칼국수,면 및 만두류,847,161,34,4,5,2772,5
고기만두,면 및 만두류,331,41,21,8,4,1014,0
군만두,면 및 만두류,563,65,22,24,13,610,2
김치만두,면 및 만두류,410,48,27,10,7,1358,0
막국수,면 및 만두류,425,80,15,4,3,1656,2
미트 스파게티,면 및 만두류,382,65,15,7,4,476,2
바지락 수제비(감자),면 및 만두류,310,51,13,4,4,1970,2
볶음 우동,면 및 만두류,417,45,14,18,2,1923,0
도미 매운탕,찌개 및 전골류,140,10,18,3,2,1042,3
라면(만두),면 및 만두류,763,107,22,26,9,665,2
라면(모듬),면 및 만두류,686,98,20,23,6,623,2
라면(콩나물),면 및 만두류,553,80,15,19,5,441,2
만두국(고기만두),면 및 만두류,396,46,21,14,10,1116,0
만두국(김치만두),면 및 만두류,402,45,22,15,11,1110,0
메밀소바,면 및 만두류,344,72,10,1,2,1016,2
비빔막국수,면 및 만두류,728,150,21,6,12,1792,2
수제비(김치),면 및 만두류,214,41,8,1,2,570,3
스파게티,면 및 만두류,545,83,16,16,4,205,2
우동,면 및 만두류,568,102,17,9,5,2160,2
우동(배추김치),면 및 만두류,500,93,14,6,8,1925,2
우동(해물),면 및 만두류,511,88,22,6,5,1584,2
잔치국수,면 및 만두류,488,85,19,7,7,2176,2
국밥(돼지머리),밥류,1233,143,60,46,6,1629,5
국밥(순대국밥),밥류,675,93,29,21,11,1134,2
국밥(콩나물),밥류,406,85,11,2,9,1342,2
김밥,밥류,322,46,11,10,3,706,0
김밥(풋고추),밥류,490,80,14,13,9,948,2
덮밥(낙지),밥류,525,84,21,12,8,742,2
덮밥(닭고기),밥류,512,61,47,9,4,627,0
덮밥(돼지고기(제육)),밥류,949,79,44,51,6,818,4
덮밥(불고기),밥류,728,108,26,21,11,1012,2
덮밥(오징어),밥류,486,79,26,7,9,583,2
볶음밥(표고버섯),밥류,552,95,10,14,7,897,2
비빔밥(돌솥),밥류,559,94,20,11,9,1281,2
비빔밥(육회),밥류,441,69,19,10,7,1338,2
주먹밥(소고기),밥류,356,69,10,4,3,714,2
찰밥,밥류,428,94,12,1,8,8,2
카레라이스,밥류,518,100,15,7,2,1008,2
콩나물밥,밥류,394,72,15,5,6,870,2
콩밥(검정콩),밥류,330,69,9,2,2,6,2
콩밥(완두콩),밥류,276,62,6,0,3,590,2
하이라이스,밥류,403,77,14,4,3,886,2
회덮밥(모듬),밥류,594,73,37,17,4,636,2
꿀떡,빵 및 과자류,228,49,4,2,0,275,3
인절미,빵 및 과자류,242,50,6,2,2,297,3
절편(쑥),빵 및 과자류,192,35,8,2,2,192,3
증편,빵 및 과자류,200,44,3,1,1,284,3
도넛(링도넛),빵 및 과자류,515,46,8,33,1,537,2
마늘빵,빵 및 과자류,219,29,6,9,2,260,3
머핀,빵 및 과자류,499,77,7,18,1,534,2
모닝빵,빵 및 과자류,220,37,7,5,1,342,3
모카빵,빵 및 과자류,508,87,13,12,5,531,2
베이글,빵 및 과자류,367,64,12,7,3,834,2
샌드위치(닭가슴살),빵 및 과자류,552,48,28,27,5,1007,0
샌드위치(모듬),빵 및 과자류,425,19,21,30,4,788,0
샌드위치(채소),빵 및 과자류,439,43,7,27,4,767,0
샌드위치(햄 달걀),빵 및 과자류,440,31,25,24,3,1398,0
식빵,빵 및 과자류,264,51,9,3,3,468,3
초코소라빵,빵 및 과자류,223,36,2,8,1,150,3
카스텔라,빵 및 과자류,234,34,7,8,0,44,3
케이크(롤케이크),빵 및 과자류,312,44,7,12,1,143,3
케이크(생크림케이크),빵 및 과자류,237,28,3,13,1,151,3
크로와상,빵 및 과자류,669,65,11,40,3,686,2
파이/만주(사과파이),빵 및 과자류,185,35,3,4,2,204,3
피자(콤비네이션피자),빵 및 과자류,548,51,21,29,5,882,2
피자빵,빵 및 과자류,596,64,18,30,4,1274,2
햄버거(불고기버거),빵 및 과자류,500,45,28,23,7,676,0
호떡(견과류),빵 및 과자류,471,86,8,11,3,316,2
잔멸치볶음(홍고추 풋고추),볶음류,114,3,17,4,3,1030,3
잡채,볶음류,292,49,9,7,7,720,3
잡채(어묵),볶음류,414,73,7,11,4,1201,2
잡채(콩나물),볶음류,154,29,4,2,8,1424,3
죽순볶음(소고기),볶음류,276,9,31,13,14,492,0
풋고추볶음,볶음류,70,8,2,3,3,276,3
햄볶음(채소),볶음류,403,21,23,25,3,1767,0
꽁치조림,조림류,244,5,16,18,3,350,0
닭볶음탕,조림류,333,26,36,10,4,1128,0
닭조림(고추장),조림류,380,33,23,17,8,725,0
병어조림,조림류,112,5,12,5,0,842,3
오징어채조림,조림류,120,13,12,2,2,565,3
장조림(달걀),조림류,138,9,10,7,1,628,3
장조림(소고기),조림류,69,5,10,1,0,543,3
김튀김,튀김류,261,27,6,14,6,303,3
다시마튀각,튀김류,231,24,4,13,12,652,3
닭다리튀김(간장),튀김류,646,36,38,39,4,820,4
닭튀김(날개),튀김류,514,21,34,33,2,538,4
미역튀각,튀김류,222,11,7,17,15,2612,3
탕수육(새우),튀김류,232,26,13,8,4,984,3
고사리나물무침,나물·숙채류,45,3,2,3,2,220,3
고춧잎나물무침,나물·숙채류,79,6,4,4,4,717,3
도라지나물무침,나물·숙채류,65,7,1,4,2,206,3
머위대나물무침,나물·숙채류,29,2,2,1,0,182,3
무나물무침,나물·숙채류,10,2,0,0,0,176,3
방풍나물무침,나물·숙채류,61,9,4,1,5,214,3
비름나물무침,나물·숙채류,58,5,3,3,3,268,3
시금치나물,나물·숙채류,34,2,2,2,1,68,3
시래기나물무침,나물·숙채류,57,4,2,4,3,257,3
씀바귀나물무침,나물·숙채류,87,15,3,2,4,184,3
열무나물,나물·숙채류,74,4,4,5,3,414,3
취나물(취나물(마른것)),나물·숙채류,44,3,2,3,3,66,3
콩나물무침,나물·숙채류,34,2,2,2,0,194,3
콩나물무침(고춧가루),나물·숙채류,84,5,4,5,4,183,3
토란대나물무침,나물·숙채류,61,4,5,3,3,200,3
호박오가리나물무침,나물·숙채류,201,21,6,10,7,1849,3
가죽나물무침,생채·무침류,61,8,5,1,4,221,3
겉절이(배추),생채·무침류,28,3,1,1,1,164,3
겉절이(상추),생채·무침류,61,5,2,3,3,431,3
겉절이(열무),생채·무침류,58,5,2,3,3,891,3
겉절이(치커리),생채·무침류,56,4,1,4,1,177,3
굴무침,생채·무침류,62,6,5,2,2,163,3
김무침,생채·무침류,78,6,6,3,5,303,3
냉채(닭고기),생채·무침류,216,12,31,5,4,362,0
두릅무침(초고추장),생채·무침류,60,7,2,3,3,184,3
무생채,생채·무침류,74,11,4,2,7,1232,3
물회(오징어),생채·무침류,343,23,43,8,10,2548,0
민들레잎무침,생채·무침류,73,11,2,2,4,223,3
버섯무침(느타리버섯),생채·무침류,88,5,4,6,7,466,3
부추무침,생채·무침류,92,6,4,6,5,666,3
샐러드(감자),생채·무침류,189,18,2,12,2,354,3
샐러드(닭가슴살),생채·무침류,202,8,11,14,4,132,3
샐러드(새싹),생채·무침류,74,5,3,5,1,156,3
샐러드(양배추),생채·무침류,225,13,4,18,3,146,3
샐러드(양상추),생채·무침류,189,5,7,15,3,237,3
샐러드(옥수수),생채·무침류,266,20,3,19,4,773,3
샐러드(참치),생채·무침류,226,11,16,13,3,448,0
샐러드(채소),생채·무침류,232,8,2,21,2,118,3
오이무침(부추),생채·무침류,31,5,2,0,2,1070,3
톳나물무침,생채·무침류,68,11,2,2,5,540,3
풋고추된장무침(풋고추),생채·무침류,124,12,2,7,3,183,3
해초무침,생채·무침류,39,9,1,0,4,862,3
회무침,생채·무침류,205,22,20,4,6,688,0
회무침(가오리),생채·무침류,186,15,26,3,6,814,0
나박김치,김치류,10,1,0,0,0,377,3
물김치(돌나물),김치류,20,3,1,0,1,948,3
보쌈김치,김치류,27,3,2,1,2,595,3
가자미식해,젓갈류,335,29,28,12,10,1712,0
갈치젓(양념),젓갈류,134,9,14,5,6,4521,3
멸치젓(양념),젓갈류,4,0,1,0,0,333,3
새우젓(양념),젓갈류,7,1,1,0,0,740,3
오징어젓(양념),젓갈류,6,0,1,0,0,215,3
꽃게장(간장),젓갈류,155,15,18,3,2,2722,3
꽃게장(양념),젓갈류,194,25,20,1,9,1608,0
단무지,장아찌·절임류,4,1,0,0,0,166,3
매실장아찌(우메보시(일본)),장아찌·절임류,20,3,0,1,1,1118,3
무짠지,장아찌·절임류,6,1,0,0,1,1191,3
무초절임(치킨무),장아찌·절임류,22,4,1,0,1,246,3
미숫가루,음료 및 차류,210,31,6,7,6,72,3
국수(비빔국수),면 및 만두류,510,102,15,5,7,1195,2
국수(잔치국수),면 및 만두류,308,56,14,3,5,1512,2
국수(쟁반막국수),면 및 만두류,536,58,30,21,20,2308,2
냉면(회냉면 홍어),면 및 만두류,740,111,29,20,13,495,2
떡국,면 및 만두류,588,115,24,4,5,1232,2
만두(군만두),면 및 만두류,515,56,15,25,7,847,2
만두(물만두),면 및 만두류,448,36,19,26,7,764,0
만두국(사골),면 및 만두류,609,63,26,28,7,2331,2
메밀국수(온면),면 및 만두류,220,42,11,1,2,679,3
수제비,면 및 만두류,377,72,15,3,7,923,2
스파게티(미트볼),면 및 만두류,900,88,37,44,13,1090,4
우동볶음,면 및 만두류,384,74,8,6,6,771,2
월남쌈,면 및 만두류,295,31,15,12,4,575,0
칼국수(바지락),면 및 만두류,574,112,24,4,2,1904,2
오리죽,죽 및 스프류,620,80,30,20,6,248,2
곰탕(우거지),국 및 탕류,88,9,8,2,3,788,3
굴국(무),국 및 탕류,125,15,12,2,3,1255,3
냉국(미역),국 및 탕류,130,26,1,2,1,518,3
냉국(미역 오이),국 및 탕류,21,3,1,1,2,1144,3
달걀탕(순두부),국 및 탕류,102,3,6,7,2,354,3
도가니탕,국 및 탕류,200,4,42,2,6,750,0
된장국(냉이),국 및 탕류,88,9,7,3,5,944,3
된장국(미역),국 및 탕류,96,9,6,4,10,1220,3
된장국(배추),국 및 탕류,80,10,6,2,2,892,3
된장국(쑥),국 및 탕류,60,6,5,2,3,972,3
된장국(아욱),국 및 탕류,80,6,9,2,4,944,3
된장국(얼갈이배추),국 및 탕류,36,3,2,2,2,780,3
된장국(우거지),국 및 탕류,80,3,11,2,3,1164,3
된장국(콩나물),국 및 탕류,124,10,10,4,4,1460,3
된장국(해물),국 및 탕류,112,11,8,4,4,1536,3
된장국(호박),국 및 탕류,124,6,13,5,3,1808,3
된장국(호박잎),국 및 탕류,24,2,1,1,0,570,3
무국(홍합),국 및 탕류,88,3,3,7,2,816,3
묵국(메밀묵),국 및 탕류,88,14,4,2,3,952,3
미역국(대합),국 및 탕류,44,2,5,2,3,928,3
미역국(새우),국 및 탕류,64,7,4,2,2,20,3
미역국(소고기),국 및 탕류,52,3,7,1,2,784,3
배추국(소고기),국 및 탕류,64,5,7,2,2,992,3
북어국,국 및 탕류,112,3,16,4,4,928,3
설렁탕,국 및 탕류,120,2,21,3,5,110,3
어묵국(어묵탕),국 및 탕류,108,13,5,4,1,791,3
육개장,국 및 탕류,132,7,16,4,5,884,3
장어탕,국 및 탕류,536,29,35,31,8,3096,4
재첩국,국 및 탕류,80,16,2,1,0,441,3
조개국,국 및 탕류,64,1,7,4,2,1188,3
김치찌개(어묵),찌개 및 전골류,99,16,5,2,3,666,3
된장찌개,찌개 및 전골류,92,9,7,3,3,636,3
된장찌개(두부),찌개 및 전골류,111,7,9,5,2,1291,3
두부찌개(고추장),찌개 및 전골류,260,16,20,13,3,905,0
두부찌개(소고기 고추장),찌개 및 전골류,162,19,13,4,5,546,3
두부찌개(소고기 된장),찌개 및 전골류,165,10,17,6,5,891,3
샤브샤브(버섯),찌개 및 전골류,105,5,14,3,4,178,3
순두부찌개(김치),찌개 및 전골류,70,4,6,3,2,302,3
알탕,찌개 및 전골류,203,9,33,4,8,1300,0
호박찌개(고추장),찌개 및 전골류,115,17,6,3,3,591,3
고구마(찐고구마),찜류,278,65,3,0,5,20,2
감자(찐감자),찜류,140,30,4,0,3,6,3
달걀찜(우유),찜류,210,8,16,13,2,524,0
닭찜,찜류,321,2,37,18,2,672,0
사태찜(소고기),찜류,330,11,36,16,4,906,0
옥수수(찐옥수수),찜류,370,68,13,5,11,180,2
콩나물찜(해물),찜류,112,10,13,2,5,446,3
고등어구이(석쇠),구이류,680,8,47,51,4,252,4
곱창구이(소고기),구이류,276,7,22,18,3,1972,0
김구이(조미김),구이류,24,1,1,2,1,201,3
꼬치구이(닭고기 대파),구이류,416,18,30,25,6,709,0
닭발구이,구이류,431,21,40,21,6,1819,0
떡갈비,구이류,404,5,43,24,2,808,0
뱅어포구이,구이류,262,18,24,11,5,1035,0
버섯구이,구이류,42,4,4,1,2,394,3
버섯구이(새송이버섯),구이류,67,9,3,2,4,370,3
버섯구이표고버섯,구이류,80,15,3,1,8,348,3
삼겹살구이,구이류,934,1,45,83,1,1152,4
삼겹살구이(고추장),구이류,806,25,28,66,8,1020,4
스테이크(소등심),구이류,388,0,60,16,2,268,4
스테이크(소안심),구이류,366,0,70,10,3,206,4
오리고기구이,구이류,586,10,48,39,4,1416,4
조개구이(키조개),구이류,234,19,31,4,7,817,0
참치구이(머리),구이류,347,3,48,16,11,826,0
치킨데리야끼,구이류,707,52,56,31,4,908,4
고구마전,전·적 및 부침류,318,50,4,11,5,122,3
달걀말이,전·적 및 부침류,193,1,17,13,1,449,0
달걀부침(달걀후라이)(햄),전·적 및 부침류,277,8,13,22,1,591,0
메밀전,전·적 및 부침류,290,63,7,1,5,261,2
버섯전(표고버섯),전·적 및 부침류,272,19,15,15,11,476,0
산적(돼지고기),전·적 및 부침류,340,3,49,15,8,996,0
완자전(돼지고기),전·적 및 부침류,278,13,30,12,7,1718,0
완자전(소고기),전·적 및 부침류,324,9,37,15,8,762,0
완자전(참치),전·적 및 부침류,346,27,30,13,5,1134,0
완자전(해물),전·적 및 부침류,444,36,23,23,3,1182,0
파전(해물),전·적 및 부침류,256,27,8,13,2,450,3
닭발볶음,볶음류,372,23,28,19,5,1948,0
닭볶음(닭갈비)(닭가슴살 피망),볶음류,98,1,13,5,2,392,3
당근볶음,볶음류,86,7,1,6,2,194,3
돼지고기볶음(채소),볶음류,389,20,38,17,3,796,0
돼지고기볶음(제육볶음),볶음류,488,12,30,35,9,1252,4
떡볶이,볶음류,259,47,6,5,1,704,3
떡볶이(채소),볶음류,516,114,6,4,2,538,2
마늘쫑볶음,볶음류,125,18,5,4,6,787,3
멸치볶음(마늘쫑),볶음류,138,6,16,5,4,1250,3
문어볶음(고추장),볶음류,176,17,22,2,2,974,0
버섯볶음(느타리),볶음류,47,3,1,3,2,262,3
버섯볶음(새송이버섯),볶음류,145,11,4,10,4,409,3
브로콜리볶음,볶음류,46,5,4,1,4,85,3
삼겹살볶음(묵은지김치),볶음류,302,17,12,21,6,1208,0
새우볶음,볶음류,166,12,20,4,2,652,0
소고기볶음(채소),볶음류,290,15,29,12,11,619,0
애호박 볶음,볶음류,30,3,1,2,1,224,3
잔멸치볶음(꽈리고추),볶음류,146,5,12,9,3,633,3
