food_name,category,calories_kcal,carbs_g,protein_g,fat_g,sugar_g,fiber_g,calcium_mg,sodium_mg
토스트(식빵),빵 및 과자류,193,36,6,3,6,2,18,322
트위스터 샌드위치,빵 및 과자류,213,13,14,11,2,1,27,472
파운드케이크,빵 및 과자류,384,45,6,20,15,1,60,202
햄샌드위치,빵 및 과자류,383,39,11,21,7,3,39,664
간자장,면 및 만두류,1240,208,43,22,22,14,168,2760
간자장(해물),면 및 만두류,1336,201,61,28,21,14,239,3363
국수,면 및 만두류,501,79,22,9,2,2,215,2450
국수(열무김치),면 및 만두류,472,78,18,8,2,4,112,1584
냉면(물냉면),면 및 만두류,749,143,28,5,3,6,78,1537
떡국(굴),면 및 만두류,540,100,24,8,1,9,480,1782
떡국(달걀),면 및 만두류,510,107,13,4,0,1,48,1068
떡국(소고기 달걀),면 및 만두류,522,95,20,7,1,2,60,1302
떡국(모듬),면 및 만두류,516,103,16,5,1,3,102,1224
떡만두국(고기만두),면 및 만두류,540,91,20,10,1,7,102,1014
떡만두국(김치만두),면 및 만두류,522,87,19,11,1,7,114,1392
라면,면 및 만두류,466,72,9,15,0,4,236,342
라면(김치),면 및 만두류,646,94,16,22,2,7,342,828
라면(달걀),면 및 만두류,610,84,17,21,0,5,295,462
오징어 덮밥(채소),밥류,819,130,46,12,15,9,90,1233
옥수수밥,밥류,508,110,9,2,1,2,9,18
완두콩밥,밥류,285,61,6,1,0,1,8,2
유부 초밥,밥류,597,81,17,21,6,2,267,402
육회비빔밥,밥류,805,124,27,20,4,6,189,539
장어 덮밥,밥류,475,75,18,10,2,2,60,400
장어 초밥,밥류,475,75,18,10,2,2,60,400
팥밥,밥류,350,74,8,1,0,3,12,2
해물 덮밥,밥류,446,81,22,2,3,3,40,389
혼합잡곡밥,밥류,295,64,6,1,0,1,8,5
계란빵,빵 및 과자류,237,41,9,3,2,1,96,290
츄러스,빵 및 과자류,259,43,6,6,4,1,91,424
피자,빵 및 과자류,321,44,16,10,6,3,94,376
햄버거(돼지고기),빵 및 과자류,428,41,19,20,5,3,36,857
햄버거(치킨),빵 및 과자류,450,51,27,15,8,13,44,970
호떡,빵 및 과자류,153,21,3,6,4,0,5,2
감자샐러드 샌드위치,빵 및 과자류,410,51,12,18,8,4,46,825
소고기 샌드위치,빵 및 과자류,508,49,17,27,7,3,52,820
메기 매운탕,찌개 및 전골류,448,56,30,11,5,7,144,2006
회덮밥(참치),밥류,618,101,28,10,8,5,97,480
흑미밥,밥류,360,77,7,1,0,2,9,3
강낭콩밥,밥류,333,73,7,0,0,2,12,6
검정콩밥,밥류,340,69,8,2,0,3,18,2
굴 국밥,밥류,510,103,13,3,3,4,186,1165
굴밥,밥류,610,107,22,10,3,5,415,630
김치 볶음밥(모듬),밥류,416,69,12,9,3,5,48,486
낙지 덮밥,밥류,828,139,40,12,15,10,117,1683
낙지 비빔밥,밥류,792,132,39,12,11,9,126,1584
닭고기 덮밥,밥류,509,94,25,2,2,3,23,383
돼지머리국밥,밥류,582,102,17,9,3,4,32,1157
모듬 김밥,밥류,452,70,17,11,2,5,96,736
모듬 초밥,밥류,463,70,24,8,6,1,86,965
무밥,밥류,436,90,9,3,1,3,32,487
버섯 덮밥,밥류,578,106,15,9,3,5,29,360
비빔 잡곡밥,밥류,414,77,11,6,2,6,63,279
소고기 국밥,밥류,534,101,19,5,3,4,32,1003
양송이 덮밥,밥류,532,112,11,4,7,4,23,263
열무 비빔밥,밥류,504,101,15,3,3,5,120,672
잡곡밥(현미),밥류,396,84,9,1,0,3,18,9
잡채밥,밥류,646,112,18,12,3,4,51,463
잡탕밥,밥류,632,102,30,10,1,4,44,484
주먹밥,밥류,393,74,7,6,2,2,29,306
주먹밥(배추김치),밥류,339,67,8,4,2,3,51,461
주먹밥(참치),밥류,393,63,14,8,1,2,39,450
짜장밥,밥류,484,81,15,10,11,5,57,936
짬뽕밥,밥류,647,102,30,11,7,8,135,1199
차조밥,밥류,360,77,7,1,0,2,9,3
참치덮밥,밥류,626,92,34,12,11,6,70,1978
참치회덮밥(양념장),밥류,456,73,28,5,9,4,60,528
충무김밥,밥류,419,77,11,6,2,4,92,608
카레라이스(돼지고기),밥류,540,94,17,10,7,5,36,456
카레라이스(소고기),밥류,646,110,15,14,5,4,46,1705
카레라이스(채소),밥류,618,123,14,8,11,7,58,611
콩나물 국밥,밥류,498,89,22,6,3,6,183,481
콩나물밥(돼지고기),밥류,521,98,19,5,1,4,63,509
현미밥,밥류,360,77,7,1,0,2,6,3
볶음밥(참치),밥류,612,84,34,14,6,4,61,1127
볶음밥(채소),밥류,345,64,9,5,2,3,24,321
볶음밥(해물),밥류,530,77,27,11,5,3,65,700
볶음밥(맛살),밥류,536,97,14,8,4,3,148,972
비빔밥,밥류,705,94,24,25,5,5,85,710
비빔밥(묵 양념장),밥류,557,95,18,12,8,7,116,1537
비빔밥(참치 양념장),밥류,600,97,29,11,10,6,108,1152
삼각김밥,밥류,175,29,5,4,0,1,10,169
수수밥,밥류,427,91,8,1,0,3,7,4
알밥,밥류,430,78,12,7,2,4,55,755
영양돌솥밥,밥류,416,89,9,2,2,3,18,7
오곡밥,밥류,397,82,9,2,0,4,17,339
오므라이스,밥류,526,77,16,15,11,3,54,950
우럭회덮밥(양념장),밥류,502,86,26,6,11,6,112,480
율무밥,밥류,319,69,6,0,0,0,5,5
잡곡밥,밥류,328,68,8,2,0,3,18,2
잡곡밥(보리),밥류,411,86,9,2,0,4,18,3
잡곡밥(보리 흑미),밥류,405,85,9,2,0,3,18,3
잡곡밥(서리태),밥류,402,82,10,2,1,4,24,3
김밥(참치),밥류,512,70,21,16,2,4,72,700
김밥(참치 고추),밥류,476,66,18,15,2,5,64,544
김밥(참치 김치),밥류,500,62,22,18,3,4,152,752
김밥(채소),밥류,408,72,14,6,2,4,64,612
김밥(치즈),밥류,488,75,18,12,2,4,220,884
김밥(고추),밥류,376,66,13,7,2,5,68,608
김밥(샐러리),밥류,510,77,11,16,3,4,86,1000
넙치(광어)회덮밥(양념장),밥류,393,64,22,5,9,4,92,434
누룽지,밥류,522,115,9,0,1,6,24,6
돌솥 비빔밥,밥류,581,100,20,10,6,6,167,535
돌솥 비빔밥(양념장),밥류,473,77,15,11,6,5,94,638
묵밥,밥류,420,78,16,4,2,6,72,558
보리밥,밥류,351,76,8,1,0,5,18,3
볶음밥(계란),밥류,492,79,17,10,0,4,54,333
볶음밥(김치 돼지고기),밥류,482,82,15,9,2,4,39,372
볶음밥(돼지고기),밥류,521,82,18,11,3,3,32,645
볶음밥(배추김치 참치),밥류,536,74,26,13,5,5,82,979
볶음밥(새우),밥류,504,74,23,11,4,3,62,686
볶음밥(소고기),밥류,504,81,11,13,2,3,22,451
커피(카페모카),음료 및 차류,72,10,3,2,9,0,91,29
커피(카푸치노),음료 및 차류,54,3,3,3,3,0,78,33
고구마(밤고구마 삶은것),"곡류, 서류 제품",132,30,2,0,18,3,58,79
팝콘,"곡류, 서류 제품",511,58,8,27,0,10,5,500
팝콘(카라멜),"곡류, 서류 제품",479,70,6,20,27,6,48,105
달걀(삶은것),수·조·어·육류,150,1,13,11,0,0,58,127
달걀(삶은것 노른자),수·조·어·육류,358,1,16,32,0,0,129,46
달걀(삶은것 흰자),수·조·어·육류,48,0,11,0,0,0,10,186
대구포,수·조·어·육류,141,2,32,0,0,1,155,3876
계란 덮밥,밥류,507,82,15,11,2,2,39,315
곤드레밥,밥류,620,134,11,5,0,22,35,45
기장밥,밥류,329,70,6,1,0,2,8,3
김밥(계란),밥류,388,57,17,9,2,4,68,596
김밥(김치),밥류,436,77,14,7,3,6,88,936
김밥(날치알),밥류,416,69,17,8,2,4,64,1012
김밥(돈가스),밥류,592,78,18,23,4,5,68,900
김밥(멸치 고추),밥류,488,82,22,7,3,6,192,1120
김밥(샐러드),밥류,468,73,14,13,4,6,80,632
김밥(소고기),밥류,432,68,16,10,2,4,56,668
과ㆍ채주스(딸기 바나나),음료 및 차류,54,11,1,1,10,0,40,14
과ㆍ채주스(사과 당근),음료 및 차류,38,9,0,0,9,0,8,15
과ㆍ채주스(해독주스 착즙형),음료 및 차류,44,11,0,0,9,0,12,11
과ㆍ채주스(혼합과일 주스),음료 및 차류,59,13,1,0,12,0,20,15
라떼(그린티),음료 및 차류,76,10,3,3,9,0,79,29
라떼(바닐라),음료 및 차류,72,8,3,3,7,0,90,34
레몬청차,음료 및 차류,60,15,0,0,16,0,13,3
밀크티(블랙),음료 및 차류,49,5,1,3,4,0,32,15
밀크티(초콜릿),음료 및 차류,76,10,1,4,3,1,11,12
밀크티(타로),음료 및 차류,102,12,0,6,7,0,30,18
밀크티(흑당),음료 및 차류,94,15,2,3,12,1,93,55
식혜,음료 및 차류,130,24,2,3,17,0,9,3
액상커피(커피가루 설탕 크림(중량12g)),음료 및 차류,51,10,0,1,5,0,14,5
액상커피(커피가루 설탕(중량2.7g)),음료 및 차류,17,4,0,0,1,0,2,0
액상커피(커피가루(중량1g)),음료 및 차류,4,1,0,0,0,0,2,0
커피(달고나커피),음료 및 차류,111,14,2,5,11,0,91,49
커피(아메리카노),음료 및 차류,4,1,0,0,0,0,5,2
커피(카라멜마끼아토),음료 및 차류,81,9,2,4,8,0,102,29
커피(카페라떼),음료 및 차류,57,3,3,4,3,0,91,30
게장(양념),젓갈류,111,8,12,3,4,1,180,607
명란젓(양념),젓갈류,147,4,18,7,0,1,83,2044
조개젓(양념),젓갈류,103,13,9,2,6,2,145,3040
고추장아찌,장아찌·절임류,124,31,2,1,11,4,16,2026
마늘쫑장아찌,장아찌·절임류,118,27,2,0,13,5,21,1410
마늘쫑장아찌(간장),장아찌·절임류,30,5,1,0,3,1,16,814
마늘쫑장아찌(고추장),장아찌·절임류,55,10,1,1,5,2,20,708
매실장아찌,장아찌·절임류,73,17,0,0,11,1,9,338
무장아찌,장아찌·절임류,24,5,0,0,2,0,8,880
오이지,장아찌·절임류,29,3,1,2,1,2,60,2370
소스/드레싱(간편조리세트 오야꼬동 (밥제외)),"장류, 양념류",891,59,69,43,45,7,138,4070
카레소스(간편조리세트 키마카레&치즈키마카레),"장류, 양념류",525,23,35,32,11,4,328,1019
밀크쉐이크(바닐라),유제품류 및 빙과류,113,17,2,4,16,0,98,51
빙수(인절미 우유얼음),유제품류 및 빙과류,141,20,6,4,14,2,97,63
빙수(팥 우유얼음),유제품류 및 빙과류,146,31,3,1,25,1,58,51
아이스크림(썬대),유제품류 및 빙과류,196,30,3,7,25,0,110,79
우유(딸기),유제품류 및 빙과류,73,11,2,2,10,0,71,23
과ㆍ채주스(당근),음료 및 차류,29,7,0,0,6,1,16,29
동치미,김치류,11,2,0,0,1,0,76,472
배추김치,김치류,38,6,2,0,2,2,43,551
배추김치(가을재배),김치류,37,6,2,1,3,4,50,548
배추김치(봄재배),김치류,39,6,2,1,2,3,53,626
배추김치(여름재배),김치류,38,7,2,0,3,4,51,606
백김치,김치류,16,3,1,0,1,1,35,395
부추김치,김치류,71,8,3,3,5,2,63,670
얼갈이배추김치,김치류,30,4,2,1,1,3,125,581
열무김치,김치류,36,6,2,0,0,2,115,583
열무물김치,김치류,18,3,1,0,1,0,32,493
열무얼갈이김치,김치류,18,3,1,0,0,1,40,340
오이소박이,김치류,37,7,2,0,3,3,29,302
유채김치,김치류,62,10,4,1,0,0,67,926
유채물김치,김치류,17,3,1,0,0,0,37,452
총각김치,김치류,42,8,2,0,3,2,38,630
파김치,김치류,49,9,2,1,2,4,60,655
게장(간장),젓갈류,88,4,12,2,2,0,213,910
물만두,면 및 만두류,322,37,21,9,0,4,77,357
밴댕이무침,생채·무침류,600,46,30,33,27,16,408,1028
부추무침(부추만),생채·무침류,70,12,3,1,7,3,90,780
상추 겉절이,생채·무침류,64,6,2,3,3,2,89,550
샐러드(간편조리세트 콥샐러드&시저드레싱),생채·무침류,627,22,43,41,9,4,423,1648
샐러드(고구마),생채·무침류,185,27,2,8,14,3,38,125
샐러드(양배추 코올슬로),생채·무침류,153,15,1,10,12,1,30,203
쑥갓나물무침,생채·무침류,96,7,4,6,0,5,156,710
오이생채,생채·무침류,50,8,1,1,5,2,58,404
오이생채(오이만),생채·무침류,51,7,2,2,4,1,62,498
탕평채,생채·무침류,97,12,4,4,0,2,19,260
파무침,생채·무침류,82,11,2,3,7,3,103,502
홍어무침,생채·무침류,198,26,18,3,14,6,300,802
회무침(서대),생채·무침류,315,46,23,5,22,8,183,1200
갓김치,김치류,37,7,3,0,2,3,103,720
고들빼기김치,김치류,56,11,2,1,2,2,26,742
깍두기,김치류,20,4,1,0,1,0,16,262
깻잎김치,김치류,83,12,3,2,5,4,106,836
물냉면(열무),면 및 만두류,549,95,27,5,3,8,116,2462
미나리나물,나물·숙채류,30,2,1,2,0,1,39,150
세발나물무침,나물·숙채류,78,7,3,4,3,4,74,701
우거지나물무침,나물·숙채류,129,9,4,9,1,8,195,772
취나물무침,나물·숙채류,74,3,1,6,0,3,74,282
골뱅이무침,생채·무침류,109,16,7,2,10,3,38,526
냉채(해파리),생채·무침류,92,13,6,1,11,2,45,508
노각무침,생채·무침류,84,14,3,2,7,4,40,818
단무지무침,생채·무침류,20,3,0,1,0,1,15,429
달래무침,생채·무침류,136,24,4,3,11,6,86,867
더덕무침,생채·무침류,216,43,4,3,20,7,60,1246
도라지생채,생채·무침류,119,25,3,1,9,4,40,522
무말랭이무침,생채·무침류,131,29,2,1,16,7,87,1073
묵무침(도토리묵),생채·무침류,46,10,0,0,0,0,13,124
묵무침(청포묵),생채·무침류,150,23,3,5,1,4,32,725
물회,생채·무침류,532,55,34,19,20,15,210,2093
물회(생선),생채·무침류,576,82,34,12,52,11,184,2776
미역초무침,생채·무침류,63,13,2,0,8,2,122,597
배추 겉절이,생채·무침류,43,7,2,1,3,2,57,581
라조기,튀김류,398,26,21,24,0,2,72,648
멘보샤,튀김류,289,13,11,22,1,2,30,696
미꾸라지튀김,튀김류,387,29,11,25,0,3,537,324
복어튀김,튀김류,320,23,14,19,0,2,27,284
북어강정(고추장양념),튀김류,379,26,19,22,12,1,119,709
생선까스,튀김류,654,47,24,41,1,3,46,788
양파링튀김,튀김류,411,44,4,25,5,2,115,776
쥐포튀김,튀김류,357,42,10,16,7,1,81,717
치즈볼,튀김류,333,29,10,20,5,0,153,532
치즈스틱,튀김류,329,21,13,22,1,0,274,596
치킨가스,튀김류,592,44,28,34,4,3,156,780
탕수육(간편조리세트 김치피자탕수육),튀김류,1793,162,98,84,58,18,1477,3152
난자완스,튀김류,346,19,22,20,0,3,34,704
고구마줄기나물,나물·숙채류,97,6,2,7,1,3,136,473
깻잎나물,나물·숙채류,146,6,4,11,0,4,276,416
깻잎나물볶음,나물·숙채류,206,12,8,14,0,10,364,1042
머위나물무침,나물·숙채류,85,2,2,8,0,2,53,452
물냉면,면 및 만두류,749,142,28,6,3,6,78,1568
김말이튀김,튀김류,292,46,3,11,2,1,158,690
깐풍새우,튀김류,240,21,8,14,7,2,100,531
닭모래집튀김,튀김류,468,29,28,27,1,1,36,322
닭튀김,튀김류,903,49,65,50,1,4,39,1245
닭튀김(다리(넓적다리)),튀김류,277,9,22,17,0,0,18,288
닭튀김(다리(아랫다리)),튀김류,268,8,22,16,0,0,17,269
닭튀김(닭가슴살),튀김류,252,20,21,10,0,0,6,60
닭튀김(목),튀김류,330,9,20,24,0,0,31,276
닭튀김(살코기),튀김류,289,9,23,17,0,0,21,292
닭튀김(너겟),튀김류,332,17,15,23,1,1,61,516
닭튀김(양념),튀김류,552,42,36,27,12,2,34,806
돈가스(간편조리세트 부타이로스카츠 (통등심돈가스)),튀김류,836,34,46,57,9,1,38,1027
돈가스,튀김류,280,16,14,18,4,0,34,343
돈가스(고구마),튀김류,317,23,12,20,6,2,72,288
돈가스(돼지등심),튀김류,624,38,33,38,3,2,36,574
돈가스(돼지안심),튀김류,652,34,33,42,2,2,32,552
돈가스(치즈),튀김류,755,42,42,47,3,3,420,870
모밀국수,면 및 만두류,344,72,10,1,5,2,28,1020
주꾸미삼겹살,볶음류,161,11,10,9,5,2,8,280
해물볶음,볶음류,420,32,38,15,7,9,424,1756
가자미조림,조림류,297,22,37,7,10,5,228,1692
고등어조림,조림류,108,5,8,6,3,1,61,411
고추조림,조림류,111,13,3,5,7,4,46,779
닭볶음탕(간편조리세트 곱도리탕),조림류,1342,133,84,53,53,17,138,4502
동태조림,조림류,275,17,41,5,10,4,338,1392
북어조림,조림류,182,17,21,3,8,2,155,766
연근조림,조림류,261,60,2,1,0,4,23,668
장조림(돼지고기 메추리알),조림류,64,3,8,2,1,0,9,583
장조림(소고기 메추리알),조림류,60,3,8,2,0,0,8,602
장조림(우엉),조림류,149,34,2,0,17,4,40,1092
조기조림,조림류,384,13,41,19,4,6,339,1770
콩조림(콩자반),조림류,271,39,19,4,0,16,95,1067
감자튀김(간편조리세트 몬스터 치즈 프라이),튀김류,1579,128,33,104,20,11,194,1961
고구마맛탕,튀김류,492,95,3,11,38,9,66,76
고구마튀김,튀김류,253,34,3,12,7,2,25,148
고추튀김,튀김류,202,15,8,13,2,2,43,249
만두탕수,면 및 만두류,428,50,13,20,8,8,90,1449
멸치볶음(풋고추),볶음류,52,3,5,2,1,0,112,276
미역줄기볶음,볶음류,89,4,1,8,1,3,61,857
버섯볶음(양송이버섯),볶음류,136,11,4,8,1,4,18,514
버섯볶음(표고버섯),볶음류,142,16,4,7,2,9,21,574
소고기볶음(간편조리세트 차돌박이숙주볶음),볶음류,712,24,27,57,3,5,66,1096
소시지볶음,볶음류,472,32,19,30,8,2,90,1436
순대볶음(간편조리세트 매콤 깻잎 순대볶음),볶음류,961,130,17,41,21,11,197,3318
순대볶음(간편조리세트 신림동 백순대볶음),볶음류,1707,171,37,97,23,13,244,2992
순대볶음,볶음류,584,77,21,21,5,10,132,1500
순대볶음(백순대),볶음류,196,22,4,10,1,4,54,443
오징어볶음,볶음류,120,10,10,4,4,2,31,403
오징어채볶음,볶음류,275,30,22,8,20,1,23,975
잔멸치볶음,볶음류,330,27,35,9,14,0,756,2096
잡채(간편조리세트 소고기 버섯 잡채),볶음류,538,102,11,9,32,5,102,1772
잡채(고추),볶음류,256,26,11,12,2,4,32,828
주꾸미볶음,볶음류,212,23,18,5,5,4,50,918
곱창볶음(돼지껍데기),볶음류,352,24,26,17,5,3,28,780
김치볶음(김치만),볶음류,132,7,3,10,2,3,104,782
느타리버섯볶음,볶음류,87,8,4,5,3,4,34,453
닭모래집볶음,볶음류,176,3,28,6,2,0,29,364
닭볶음(닭갈비)(간편조리세트 모짜렐라 치즈 닭갈비),볶음류,1293,119,100,47,56,16,871,4077
닭볶음(닭갈비)(간편조리세트 치즈 품은 닭갈비),볶음류,1574,177,93,55,43,17,1250,4546
닭볶음(닭갈비)(간편조리세트 치즈이불 닭갈비),볶음류,1317,118,93,53,49,11,431,3366
닭볶음(닭갈비),볶음류,596,45,46,26,21,11,100,1536
돼지고기볶음(간편조리세트 돼지고기 숙주 볶음),볶음류,942,59,48,57,38,7,150,2275
돼지고기볶음,볶음류,350,18,23,21,8,3,44,1052
두부김치,볶음류,288,14,19,17,1,10,248,990
떡볶이(간편조리세트 달콤짭짤 궁중식 떡볶이),볶음류,1446,208,46,48,41,8,130,3170
떡볶이(간편조리세트 떡볶이 보통맛),볶음류,1554,255,38,42,67,14,164,3899
떡볶이(간편조리세트 소불고기궁중떡볶이),볶음류,951,163,44,14,45,8,56,2499
떡볶이(간편조리세트 호로록 로제 떡볶이),볶음류,2024,333,48,56,45,26,1364,5478
떡볶이(치즈),볶음류,164,29,6,3,5,0,90,397
마파두부(간편조리세트 백리향 마파두부),볶음류,957,34,55,67,14,7,297,2716
머위나물볶음,볶음류,108,8,3,7,1,5,108,718
생선전(동태),전·적 및 부침류,268,11,23,15,0,3,48,702
소고기산적,전·적 및 부침류,454,7,48,26,0,3,22,1392
소라산적,전·적 및 부침류,120,6,18,3,0,0,98,397
스크램블드에그,전·적 및 부침류,149,2,10,11,1,0,66,145
오징어산적,전·적 및 부침류,102,4,17,2,0,0,16,477
완자전(소고기(동그랑땡/육원전)),전·적 및 부침류,309,13,20,20,0,3,99,554
채소전,전·적 및 부침류,194,22,5,10,2,3,28,322
파전,전·적 및 부침류,292,35,7,14,0,6,46,346
해물파전(간편조리세트 모둠해물파전),전·적 및 부침류,2726,230,91,161,26,17,386,3924
햄부침,전·적 및 부침류,244,11,11,17,1,1,33,716
호박전,전·적 및 부침류,208,16,6,13,2,6,48,278
홍합산적,전·적 및 부침류,157,11,18,5,3,1,50,720
화양적,전·적 및 부침류,273,21,14,15,1,8,210,796
감바스(간편조리세트 감바스 알 아히요),볶음류,1436,122,74,73,9,12,346,5269
감자볶음(감자만),볶음류,134,16,2,7,1,2,30,353
고추잡채(간편조리세트 고추잡채 꽃빵키트),볶음류,934,125,38,31,26,9,172,1106
황태구이,구이류,438,27,48,15,14,3,280,1136
훈제오리,구이류,798,12,43,64,0,1,38,1220
고추전,전·적 및 부침류,274,17,13,17,2,7,66,362
굴전,전·적 및 부침류,195,14,11,10,1,2,36,326
깻잎전,전·적 및 부침류,362,15,18,26,1,4,110,480
꼬치구치(낙지),전·적 및 부침류,75,3,13,1,0,0,18,207
녹두빈대떡,전·적 및 부침류,208,21,8,10,0,4,21,232
달걀말이(달걀만),전·적 및 부침류,210,5,13,15,0,0,68,328
달걀말이(채소),전·적 및 부침류,183,5,11,13,1,0,64,297
동태전,전·적 및 부침류,195,6,16,12,0,0,31,318
두부부침,전·적 및 부침류,144,3,12,9,0,0,241,132
두부전,전·적 및 부침류,255,8,20,16,0,4,254,316
미나리전,전·적 및 부침류,226,34,5,8,1,3,33,249
배추전,전·적 및 부침류,240,36,5,9,5,4,48,327
버섯전,전·적 및 부침류,240,16,11,15,2,5,42,314
새우전,전·적 및 부침류,188,12,10,11,1,1,57,349
생선전(가자미),전·적 및 부침류,231,7,26,11,0,1,346,819
마늘장아찌,장아찌·절임류,113,25,2,0,15,2,7,1127
돼지불고기(간편조리세트 매콤 콩나물불고기),구이류,997,72,55,54,24,7,120,2140
돼지불고기(삼겹살 오징어),구이류,364,20,26,20,7,4,42,886
막창구이(소고기),구이류,358,0,15,33,1,0,13,162
소불고기,구이류,372,13,21,26,6,1,36,936
스테이크(간편조리세트 그레이프 소스 스테이크),구이류,730,40,53,40,21,10,91,692
스테이크(간편조리세트 뉴욕스테이크&크림뇨끼),구이류,783,68,39,39,8,4,67,970
스테이크(간편조리세트 부채살 찹스테이크),구이류,766,26,48,52,18,5,44,1061
스테이크(간편조리세트 파빌리온 양갈비 스테이크),구이류,838,73,53,38,35,18,178,1942
스테이크(간편조리세트 프라임스테이크 부채살),구이류,1177,36,68,85,13,7,51,582
연어구이,구이류,234,0,25,15,0,0,14,158
오겹살구이(돼지고기),구이류,408,3,20,35,0,0,9,76
임연수구이,구이류,495,4,54,29,0,1,268,1570
장어구이(붕장어 소금),구이류,297,12,26,16,0,1,164,125
장어구이(양념),구이류,434,9,31,31,4,1,216,705
차돌박이구이(소고기),구이류,488,1,18,46,0,0,5,93
콘치즈구이,구이류,224,18,10,13,7,0,266,313
함박스테이크(간편조리세트 더블체다 함박스테이크),구이류,1121,82,59,62,27,11,350,2040
함박스테이크,구이류,458,21,27,30,5,5,82,950
해물찜(간편조리세트 낙지한마리해물찜),찜류,743,63,56,30,53,16,329,4144
해물찜(간편조리세트 백합&바지락통찜),찜류,378,53,26,7,16,13,401,2537
해물찜,찜류,400,35,43,10,5,10,565,2135
가자미구이,구이류,151,1,23,6,0,0,186,489
갈매기살구이(돼지고기),구이류,312,0,27,23,0,0,13,124
갈비구이(돼지고기),구이류,294,6,20,21,5,0,46,389
갈비구이(소고기),구이류,309,7,21,22,6,0,44,447
갈비구이(소고기 양념),구이류,990,26,60,72,13,7,84,1377
갈비구이(왕갈비 양념),구이류,482,14,27,35,6,1,32,549
갈치구이(기름),구이류,209,1,22,13,0,0,27,395
꼬치구이(닭고기),구이류,176,13,12,9,3,2,18,287
꿩불고기,구이류,370,40,34,8,16,10,105,1265
대창구이(소고기),구이류,595,4,9,60,1,0,10,126
더덕구이,구이류,184,31,3,5,11,6,46,743
돼지갈비구이(간장),구이류,240,8,20,14,4,0,47,405
돼지껍데기구이,구이류,348,3,24,27,3,0,7,475
돼지불고기(간편조리세트 기사식당 돼지불고기),구이류,671,35,44,39,23,9,134,1269
돼지불고기(간편조리세트 대파고추장불고기),구이류,1246,92,89,58,74,9,83,2778
닭찜(간편조리세트 안동식 찜닭),찜류,1316,188,70,32,60,10,319,2546
닭찜(안동찜닭),찜류,1365,140,114,39,66,30,525,5460
대구찜,찜류,375,25,52,8,5,8,425,1900
동태찜,찜류,395,26,51,10,5,9,370,1985
동파육,찜류,191,4,9,15,0,1,27,299
돼지갈비찜(간편조리세트 국내산순살돼지갈비찜),찜류,1074,79,91,44,54,5,116,3705
돼지고기(간),찜류,164,2,29,4,0,0,9,62
돼지고기(머리고기),찜류,650,4,42,52,0,3,26,334
돼지고기(허파),찜류,91,0,17,2,0,0,12,85
돼지등갈비찜,찜류,963,57,72,49,24,8,162,2394
북어찜,찜류,236,18,28,6,6,3,171,902
붕어찜,찜류,836,72,54,37,16,42,979,3949
수란(중탕),찜류,145,0,12,12,0,0,55,110
순대,찜류,543,58,20,26,3,12,105,1020
아귀찜(간편조리세트 쫀득쫀득아귀찜),찜류,1199,99,104,43,26,15,685,4064
아귀찜,찜류,312,17,48,5,0,6,216,1408
오징어순대,찜류,466,58,46,6,0,4,77,1260
조기찜,찜류,182,2,20,11,0,0,121,602
족발,찜류,220,0,29,12,0,0,13,332
청국장찌개(간편조리세트 영월식 청국장),찌개 및 전골류,673,49,55,28,12,18,364,3472
청국장찌개(간편조리세트 우삼겹 청국장찌개),찌개 및 전골류,641,27,45,39,7,15,280,2187
청국장찌개(두부 채소),찌개 및 전골류,79,3,6,5,1,2,144,447
추어탕,찌개 및 전골류,320,27,23,13,0,19,560,2640
해물탕(간편조리세트 바다를 품은 해물탕),찌개 및 전골류,401,25,50,12,10,10,328,4888
해물탕,찌개 및 전골류,270,17,40,5,0,6,492,2046
해신탕,찌개 및 전골류,57,2,8,2,0,0,28,266
호박찌개,찌개 및 전골류,96,12,6,3,5,4,84,1023
훠궈(소고기),찌개 및 전골류,93,7,5,5,1,1,16,390
갈비찜(고춧가루),찜류,516,24,61,20,10,8,63,1140
갈비찜(소고기),찜류,495,13,50,27,4,1,48,752
김치찜(간편조리세트 돼지고기 김치찜),찜류,679,40,71,26,19,7,168,2884
김치찜(간편조리세트 돼지고기 묵은지찜),찜류,348,20,33,15,4,8,121,3270
깻잎찜,찜류,112,14,4,5,6,3,110,839
꼬막무침,찜류,107,8,8,5,4,1,83,516
꼬막찜(참꼬막),찜류,90,5,12,3,0,1,62,234
달걀찜(달걀만),찜류,108,1,9,8,0,0,58,375
달걀찜(채소),찜류,89,4,5,6,0,0,35,329
들깻잎장아찌,장아찌·절임류,124,26,4,0,16,4,178,1809
불고기전골(간편조리세트 서울식 소불고기전골),찌개 및 전골류,835,83,48,35,42,11,96,2377
불고기전골(간편조리세트 서울식 육수불고기),찌개 및 전골류,957,125,67,21,40,15,140,2492
불고기전골(간편조리세트 서울식불고기전골),찌개 및 전골류,622,74,57,11,29,9,152,3808
불낙전골(간편조리세트 이게불낙이야),찌개 및 전골류,702,59,74,19,5,3,223,4712
샤브샤브(간편조리세트 소고기 샤브샤브),찌개 및 전골류,573,50,46,21,39,11,101,4030
샤브샤브(간편조리세트 소고기스키야키),찌개 및 전골류,778,89,64,18,37,4,102,4239
샤브샤브(간편조리세트 일호식 스키야키),찌개 및 전골류,629,45,41,32,29,8,247,3887
샤브샤브(소고기),찌개 및 전골류,264,15,29,10,2,9,96,1122
소고기전골(간편조리세트 어복쟁반),찌개 및 전골류,597,23,55,32,6,11,97,3742
소고기전골(간편조리세트 파빌리온 얼큰 소고기 전골),찌개 및 전골류,896,33,54,61,8,17,282,4470
소고기전골(간편조리세트 평양식 어복쟁반),찌개 및 전골류,1398,98,129,54,11,23,147,3993
순두부찌개(간편조리세트 강릉식 짬뽕 순두부),찌개 및 전골류,383,25,34,16,9,10,182,3420
순두부찌개(간편조리세트 우삼겹 순두부찌개),찌개 및 전골류,687,39,57,33,19,15,304,4730
순두부찌개(간편조리세트 짬뽕순두부찌개),찌개 및 전골류,693,43,52,34,9,12,245,5735
순두부찌개(간편조리세트 해물짬뽕순두부),찌개 및 전골류,1091,73,68,58,26,12,391,6977
매운탕(광어),찌개 및 전골류,420,9,58,17,1,4,864,1800
매운탕(대구),찌개 및 전골류,360,17,57,7,1,9,438,1986
매운탕(메기),찌개 및 전골류,402,49,29,10,5,10,396,1860
매운탕(서더리),찌개 및 전골류,30,1,4,1,0,0,23,189
매운탕(아귀),찌개 및 전골류,43,2,7,1,0,1,45,345
매운탕(우럭),찌개 및 전골류,408,11,52,17,1,7,780,1776
매운탕(조기),찌개 및 전골류,384,17,35,19,4,12,1134,2274
매운탕(짱뚱어),찌개 및 전골류,186,17,12,9,2,8,330,2052
밀푀유나베(간편조리세트 매콤 밀푀유나베),찌개 및 전골류,698,32,52,39,19,11,178,5038
밀푀유나베(간편조리세트 밀푀유나베),찌개 및 전골류,597,30,57,27,22,11,133,4176
버섯전골(간편조리세트 남도식 들깨 버섯전골),찌개 및 전골류,387,44,21,15,9,18,252,2672
버섯찌개,찌개 및 전골류,168,15,15,5,4,8,72,1292
부대찌개(간편조리세트 오뎅식당 부대찌개),찌개 및 전골류,1701,79,74,121,14,11,504,6076
부대찌개(간편조리세트 의정부식부대찌개),찌개 및 전골류,1353,137,43,71,16,19,242,4823
부대찌개(간편조리세트 햄듬뿍부대찌개),찌개 및 전골류,843,77,44,40,14,7,206,4153
부대찌개,찌개 및 전골류,402,40,18,19,6,9,90,2322
김치찌개,찌개 및 전골류,244,12,15,15,3,8,152,1964
김치찌개(김치만),찌개 및 전골류,46,3,2,3,1,1,38,507
김치찌개(햄),찌개 및 전골류,189,13,11,10,3,8,102,1584
꽁치찌개,찌개 및 전골류,354,12,24,23,5,9,219,1296
꽃게탕(간편조리세트 3마리꽃게탕),찌개 및 전골류,319,30,32,8,13,12,515,4708
나베(간편조리세트 통등심가스나베),찌개 및 전골류,1982,183,63,111,41,9,117,4816
낙지전골(간편조리세트 낙곱새),찌개 및 전골류,812,119,50,15,29,14,508,6692
돼지고기찌개(간편조리세트 돼지고기 짜글이),찌개 및 전골류,758,42,73,33,32,5,112,3545
돼지고기찌개(간편조리세트 돼지고기고추장찌개),찌개 및 전골류,271,29,24,6,14,9,144,2549
된장찌개(간편조리세트 고깃집 된장찌개),찌개 및 전골류,764,38,54,44,12,8,361,2648
된장찌개(간편조리세트 구수한 버섯된장찌개),찌개 및 전골류,121,18,8,2,10,6,37,1372
된장찌개(우렁 강된장),찌개 및 전골류,136,16,7,5,8,3,113,1547
두부전골,찌개 및 전골류,315,17,26,16,3,7,410,1650
두부찌개(새우젓),찌개 및 전골류,165,7,16,8,1,6,225,1122
마라탕(간편조리세트 마라탕),찌개 및 전골류,768,50,41,45,16,32,288,3710
마라탕,찌개 및 전골류,66,5,4,3,0,1,21,358
만두전골(간편조리세트 얼큰왕만두전골),찌개 및 전골류,1328,201,47,37,27,23,407,6871
만두전골,찌개 및 전골류,57,6,4,2,0,1,36,250
어탕,국 및 탕류,86,2,13,3,0,1,80,484
연포탕,국 및 탕류,540,20,95,9,0,14,550,2340
오이냉국,국 및 탕류,19,4,0,0,3,0,16,328
올갱이국,국 및 탕류,144,13,14,4,1,6,390,2016
전복탕,국 및 탕류,198,16,27,3,1,6,162,1776
조개국(바지락),국 및 탕류,160,10,22,3,1,8,368,1595
지리탕(대구),국 및 탕류,264,10,42,6,1,4,342,1476
지리탕(복),국 및 탕류,234,10,42,3,1,5,240,1350
초당순두부,국 및 탕류,522,16,49,29,0,10,333,1206
해장국(뼈다귀),국 및 탕류,710,23,75,36,5,17,670,3090
해장국(선지),국 및 탕류,310,17,49,5,3,10,210,3070
해장국(우거지),국 및 탕류,156,14,12,6,2,8,198,2052
홍합탕(홍합만),국 및 탕류,29,2,4,1,0,0,32,303
황태해장국,국 및 탕류,180,6,24,7,1,5,162,1536
무국물,국 및 탕류,3,1,0,0,0,0,2,2
고등어찌개,찌개 및 전골류,600,26,49,34,7,15,264,2586
곱창전골(간편조리세트 대한곱창 곱창전골),찌개 및 전골류,1813,112,75,118,13,49,414,4144
곱창전골(간편조리세트 소곱창순대전골),찌개 및 전골류,987,110,52,37,26,23,368,4395
곱창전골(소고기),찌개 및 전골류,528,29,42,27,2,13,150,1782
된장국(감자),국 및 탕류,40,6,2,1,1,0,20,332
된장국(무),국 및 탕류,104,15,6,2,5,5,90,1742
된장국(시금치),국 및 탕류,21,2,2,1,0,0,32,351
된장국(시래기),국 및 탕류,99,11,7,3,1,5,212,1526
된장국(우렁),국 및 탕류,245,19,25,8,3,8,655,2135
매생이국,국 및 탕류,120,13,10,3,0,9,125,1420
무국(소고기),국 및 탕류,124,8,14,4,3,3,60,1068
묵말이(도토리묵),국 및 탕류,468,90,7,8,6,14,169,3211
미소된장국,국 및 탕류,38,3,3,2,0,0,27,518
미역국(굴),국 및 탕류,17,1,1,1,0,0,26,298
미역국(바지락),국 및 탕류,9,1,1,0,0,0,31,318
미역국(북어),국 및 탕류,19,1,2,1,0,0,31,295
미역국(참치),국 및 탕류,19,1,3,1,0,0,25,309
미역국(홍합),국 및 탕류,169,12,20,5,0,9,228,2041
새우탕(간편조리세트 전복민물새우탕),국 및 탕류,890,160,45,7,14,7,1319,4036
소탕,국 및 탕류,87,2,8,5,0,1,82,354
순대국,국 및 탕류,544,17,44,33,0,26,104,1504
아구탕,국 및 탕류,246,13,38,5,1,6,300,1866
어묵국(어묵탕)(간편조리세트 프리미엄 이자카야어묵탕),국 및 탕류,954,152,48,17,41,11,913,5615
쌀죽(흰죽)(삼광),죽 및 스프류,53,12,1,0,0,0,1,0
쌀죽(흰죽)(새일미),죽 및 스프류,55,12,1,0,0,0,0,0
쌀죽(흰죽)(신동진),죽 및 스프류,53,11,1,0,0,0,1,0
쌀죽(흰죽)(오대),죽 및 스프류,52,11,1,0,0,0,0,0
쌀죽(흰죽)(칠분도미),죽 및 스프류,68,16,1,0,0,0,2,0
어죽,죽 및 스프류,552,101,20,8,9,8,192,2104
율무죽,죽 및 스프류,77,14,3,1,0,0,3,1
잣죽,죽 및 스프류,875,155,19,20,2,5,35,882
참깨죽,죽 및 스프류,38,6,1,1,0,0,17,120
참치죽,죽 및 스프류,656,105,24,16,1,5,80,1344
채소죽,죽 및 스프류,70,13,1,1,0,0,12,143
현미죽,죽 및 스프류,64,15,1,0,0,0,3,1
감자국,국 및 탕류,224,35,8,6,5,4,119,1715
게국지,국 및 탕류,418,32,45,12,10,24,1320,4048
곰치국,국 및 탕류,420,24,54,12,2,19,710,3800
곰탕,국 및 탕류,183,18,19,4,0,2,15,717
김치국,국 및 탕류,90,10,5,3,2,4,112,1642
낙지탕,국 및 탕류,186,10,29,3,1,3,108,1704
달걀국,국 및 탕류,39,1,3,2,0,0,24,341
칼국수(해물),면 및 만두류,630,124,23,5,3,45,126,2358
콩국수,면 및 만두류,100,12,5,4,0,1,25,97
탄탄면(간편조리세트 마라 탄탄면),면 및 만두류,1042,126,34,44,18,5,78,2031
팟타이(간편조리세트 비프 팟타이),면 및 만두류,1331,130,41,72,52,7,213,2552
팟타이,면 및 만두류,146,19,4,6,5,1,55,270
게살죽,죽 및 스프류,568,107,18,7,0,5,104,1456
깨죽,죽 및 스프류,512,79,14,16,3,9,400,1160
미음,죽 및 스프류,19,5,0,0,0,0,0,0
미음(칠분도미),죽 및 스프류,20,5,0,0,0,0,1,0
미음(현미),죽 및 스프류,19,4,0,0,0,0,1,0
백합죽,죽 및 스프류,455,85,17,6,0,3,112,994
소고기버섯죽,죽 및 스프류,576,109,19,7,0,3,56,1264
스프(감자),죽 및 스프류,98,8,2,7,3,0,32,196
스프(소고기),죽 및 스프류,40,7,1,1,2,0,5,312
스프(양송이버섯),죽 및 스프류,42,7,1,1,2,0,6,253
스프(크림),죽 및 스프류,45,7,1,2,1,0,7,251
스프(옥수수),죽 및 스프류,46,7,1,1,2,0,20,229
쌀죽(흰죽),죽 및 스프류,53,11,1,0,0,0,0,0
울면,면 및 만두류,730,128,38,7,0,8,290,2800
월남쌈(간편조리세트 불고기월남쌈),면 및 만두류,1100,125,53,43,56,8,81,1862
월남쌈(간편조리세트 소고기야채말이),면 및 만두류,673,38,61,31,31,11,110,2140
월남쌈(간편조리세트 훈제오리월남쌈),면 및 만두류,986,136,46,29,66,7,89,1883
자장면,면 및 만두류,800,134,20,20,7,21,84,2392
자장면(삼선),면 및 만두류,805,127,34,18,10,10,119,2625
짬뽕(간편조리세트 나가사키 짬뽕탕),면 및 만두류,1334,193,61,35,19,21,301,7338
짬뽕(간편조리세트 통오징어짬뽕탕),면 및 만두류,674,44,50,33,13,9,301,4768
짬뽕(굴),면 및 만두류,684,116,33,10,1,9,441,2664
짬뽕(백짬뽕),면 및 만두류,63,9,4,2,0,0,15,280
짬뽕(삼선),면 및 만두류,666,102,40,11,1,8,405,2691
짬뽕(차돌박이),면 및 만두류,88,10,5,3,0,1,15,342
칼국수(간편조리세트 닭한마리와 칼국수),면 및 만두류,2154,241,182,52,41,20,2269,7655
칼국수(간편조리세트 세숫대야 바지락칼국수),면 및 만두류,1598,210,49,62,18,2,561,6477
칼국수(간편조리세트 원주식장칼국수),면 및 만두류,1066,209,37,9,25,8,232,4046
칼국수(간편조리세트 장칼국수),면 및 만두류,1064,200,33,15,25,18,200,5759
칼국수(닭고기),면 및 만두류,666,95,42,13,5,9,81,2124
칼국수(들깨),면 및 만두류,456,60,18,16,1,8,174,1194
스파게티(간편조리세트 트러플 크림 파스타),면 및 만두류,993,111,28,48,10,13,457,1508
스파게티(간편조리세트 할라피뇨베이컨파스타),면 및 만두류,1702,164,39,99,15,16,221,4042
스파게티(간편조리세트 핫매콤크림파스타),면 및 만두류,1529,190,43,66,35,11,299,2955
스파게티(간편조리세트 해장파스타),면 및 만두류,754,122,31,16,18,9,100,3022
스파게티(까르보나라소스),면 및 만두류,235,20,6,15,2,1,54,241
스파게티(로제소스),면 및 만두류,171,17,5,9,3,1,53,244
스파게티(오일소스),면 및 만두류,648,89,20,23,1,11,112,1124
스파게티(크림소스),면 및 만두류,836,74,22,51,9,4,240,1032
스파게티(토마토소스),면 및 만두류,645,93,24,19,15,7,215,1510
스파게티(해물 크림소스),면 및 만두류,920,87,30,50,8,8,330,1325
스파게티(해물 토마토소스),면 및 만두류,585,87,28,14,13,8,340,1535
쌀국수,면 및 만두류,318,55,16,4,4,1,42,1650
올갱이국수,면 및 만두류,570,112,11,8,18,22,240,3870
우동(간편조리세트 쫄우동),면 및 만두류,1127,178,30,33,15,1,171,7568
우동(김치),면 및 만두류,504,99,16,5,2,8,112,2872
우동(삼선),면 및 만두류,690,106,48,8,0,8,210,2720
우동(일식),면 및 만두류,420,74,13,8,2,20,77,2387
우동(중식),면 및 만두류,650,85,30,21,1,22,190,3400
비빔국수,면 및 만두류,113,20,3,2,0,4,21,337
비빔면(간편조리세트 매콤제육비빔면),면 및 만두류,1766,233,66,63,49,20,138,4304
수제비(간편조리세트 들깨버섯 수제비),면 및 만두류,1240,222,43,20,12,17,269,6200
수제비(간편조리세트 우삼겹 짬뽕 수제비),면 및 만두류,1556,191,51,65,27,15,1274,5618
수제비(간편조리세트 해물 백짬뽕 수제비),면 및 만두류,1218,166,56,37,17,10,278,6276
스파게티(간편조리세트 감바스알리오올리오),면 및 만두류,1163,145,33,51,7,8,102,1557
스파게티(간편조리세트 바질크림 빠네 파스타),면 및 만두류,1668,212,42,73,20,21,652,3065
스파게티(간편조리세트 베이컨까르보나라),면 및 만두류,1455,167,37,71,24,10,311,1876
스파게티(간편조리세트 볼로네제라구파스타),면 및 만두류,1355,128,61,66,26,12,447,2513
스파게티(간편조리세트 쉬림프 로제파스타),면 및 만두류,1297,133,38,68,31,20,270,2135
스파게티(간편조리세트 쉬림프 크림파스타),면 및 만두류,1785,103,38,136,15,10,474,1785
스파게티(간편조리세트 알리오올리오파스타),면 및 만두류,1271,108,26,81,5,7,85,1486
스파게티(간편조리세트 에그인헬파스타),면 및 만두류,1234,146,51,49,35,15,463,2959
스파게티(간편조리세트 오마이갓파스타),면 및 만두류,1323,151,48,59,53,18,238,3000
스파게티(간편조리세트 톡톡크림 빠네 파스타),면 및 만두류,2197,126,57,163,25,16,519,3433
스테이크(간편조리세트 시그니처찹스테이크),구이류,653,40,53,31,32,5,65,1877
라면(떡),면 및 만두류,102,18,2,2,0,1,49,301
라면(라면만),면 및 만두류,84,14,2,2,0,0,48,306
라면(면),면 및 만두류,174,30,4,4,0,3,97,278
라면(비빔라면),면 및 만두류,189,31,3,6,1,2,8,375
라면(용기면),면 및 만두류,103,16,2,4,0,1,49,402
라면(용기면 국물),면 및 만두류,28,3,1,1,0,0,8,423
라면(용기면 면),면 및 만두류,192,33,4,5,0,3,123,316
라면(용기면 볶음라면),면 및 만두류,202,34,5,5,3,2,16,435
라면(짜장라면),면 및 만두류,177,31,4,4,0,1,76,306
라면(짬뽕라면),면 및 만두류,690,92,21,26,1,8,585,2498
라면(치즈),면 및 만두류,594,80,17,23,0,7,336,2112
만두(고기만두),면 및 만두류,208,28,9,7,0,5,65,261
만두(김치만두),면 및 만두류,187,24,8,7,0,6,74,423
만두국,면 및 만두류,434,48,21,17,3,32,126,2366
메밀소바(간편조리세트 부타이 마제소바),면 및 만두류,1334,196,52,39,27,11,292,2833
밀면(물밀면),면 및 만두류,71,14,2,0,3,1,12,303
볶음면(간편조리세트 소고기 야끼소바),면 및 만두류,893,65,31,57,18,16,108,1725
분짜,면 및 만두류,136,20,6,4,5,0,12,398
스테이크(간편조리세트 시그니처 스테이크 부채살),구이류,601,32,49,31,25,4,64,1137
약과,빵 및 과자류,120,25,1,1,5,1,4,17
유과,빵 및 과자류,127,22,1,4,7,0,17,7
국수(김치말이국수),면 및 만두류,300,52,13,5,8,4,132,2124
국수(막국수),면 및 만두류,570,110,20,6,9,15,110,3260
기스면,면 및 만두류,610,90,38,11,0,7,340,2760
냉면(비빔냉면),면 및 만두류,131,21,3,4,3,1,22,311
냉면(열무냉면),면 및 만두류,528,98,21,6,27,40,176,3152
떡만두국,면 및 만두류,623,111,20,11,0,8,98,1981
라멘(간편조리세트 매운돈코츠라멘),면 및 만두류,1519,123,64,85,19,28,317,7127
라멘(돈코츠라멘),면 및 만두류,98,6,4,6,0,0,14,377
라멘(미소라멘),면 및 만두류,89,11,5,3,1,1,16,388
라멘(소유라멘),면 및 만두류,72,9,4,2,0,0,14,420
라멘(시오라멘),면 및 만두류,84,12,5,2,0,1,13,292
라면(간편조리세트 ?c양꿍요괴라면),면 및 만두류,1130,173,31,36,0,10,385,6304
라면(국물),면 및 만두류,19,2,0,1,0,0,5,380
케이크(치즈케이크),빵 및 과자류,329,29,7,21,15,1,72,201
크로켓(고로케)(채소),빵 및 과자류,301,31,7,16,3,1,32,403
파이/만주(만주),빵 및 과자류,223,47,5,2,22,3,31,118
페이스트리,빵 및 과자류,320,33,6,18,5,2,22,296
프레즐,빵 및 과자류,312,55,8,6,7,3,66,215
피자(불고기피자),빵 및 과자류,506,61,27,17,9,5,480,916
피자(치즈피자),빵 및 과자류,554,71,31,16,6,6,678,950
피자(페퍼로니피자),빵 및 과자류,532,70,29,15,7,5,538,946
피자(포테이토피자),빵 및 과자류,628,72,28,26,8,6,540,1000
핫도그,빵 및 과자류,341,25,8,23,3,2,29,398
핫도그(감자),빵 및 과자류,324,20,8,23,2,2,28,490
핫도그(모짜렐라),빵 및 과자류,318,28,12,18,2,2,186,455
햄버거,빵 및 과자류,225,16,11,13,5,1,109,323
햄버거(소고기패티),빵 및 과자류,271,36,12,9,6,0,30,594
햄버거(소고기패티 토마토 양상추),빵 및 과자류,229,18,10,13,4,7,16,378
햄버거(치즈),빵 및 과자류,284,22,15,15,4,1,90,525
매작과,빵 및 과자류,124,20,2,4,4,0,10,30
산자,빵 및 과자류,110,25,1,1,9,0,2,7
스테이크(간편조리세트 비프찹스테이크),구이류,791,39,42,52,31,4,81,1878
찹쌀떡(팥),빵 및 과자류,266,58,4,2,24,2,12,191
다식(송화),빵 및 과자류,111,22,2,1,7,2,42,4
다쿠아즈,빵 및 과자류,447,43,8,27,38,3,38,51
도넛(찹쌀),빵 및 과자류,207,40,4,4,12,2,18,243
마카롱,빵 및 과자류,480,45,7,30,41,2,112,47
버터크림빵,빵 및 과자류,230,28,5,11,7,1,24,191
샌드위치(닭고기),빵 및 과자류,250,21,16,11,3,1,58,753
샌드위치(생선),빵 및 과자류,257,27,10,12,3,1,37,602
샌드위치(소고기),빵 및 과자류,244,22,15,10,3,1,55,653
샌드위치(소시지),빵 및 과자류,276,24,10,16,3,1,45,542
샌드위치(참치),빵 및 과자류,555,36,23,35,10,5,132,915
샌드위치(햄 치즈),빵 및 과자류,284,27,9,16,4,0,75,488
샌드위치(햄 치즈 채소),빵 및 과자류,214,22,9,10,4,5,78,532
소보로빵,빵 및 과자류,277,42,6,9,11,2,24,202
소보로빵(맘모스빵),빵 및 과자류,354,51,7,14,25,3,26,137
식빵(통밀식빵),빵 및 과자류,279,49,9,5,4,5,35,660
앙금빵(앙버터빵),빵 및 과자류,372,42,7,20,16,4,30,221
케이크(초콜릿케이크),빵 및 과자류,420,44,5,25,23,2,44,170
스테이크(간편조리세트 블랙라벨 스테이크 부채살),구이류,769,28,65,44,16,10,89,1334
백설기(검정콩),빵 및 과자류,229,48,6,1,2,2,19,223
빙떡(메밀전병),빵 및 과자류,168,22,6,6,0,3,36,346
송편(검정콩),빵 및 과자류,200,41,7,1,0,0,20,463
송편(깨),빵 및 과자류,224,45,5,3,1,4,71,232
송편(콩),빵 및 과자류,194,42,5,1,1,4,17,234
송편(팥),빵 및 과자류,200,44,5,0,0,0,5,466
수수경단,빵 및 과자류,218,43,8,1,0,0,14,238
수수부꾸미,빵 및 과자류,248,42,6,6,0,7,17,261
수수팥떡,빵 및 과자류,204,43,7,1,2,8,21,242
시루떡,빵 및 과자류,217,48,5,1,3,4,18,278
시루떡(녹두),빵 및 과자류,246,48,8,3,4,4,26,264
쑥떡,빵 및 과자류,249,58,3,0,10,2,17,254
약식,빵 및 과자류,220,45,4,2,10,1,14,233
인절미(콩고물),빵 및 과자류,231,50,6,1,2,2,12,337
인절미(팥고물),빵 및 과자류,204,45,4,1,0,0,16,269
절편,빵 및 과자류,197,44,4,1,0,1,16,258
찰시루떡,빵 및 과자류,181,38,7,0,1,1,21,182
찹쌀떡,빵 및 과자류,277,66,3,0,17,1,12,226
초밥(장어),밥류,488,81,17,11,13,3,80,1270
초밥(한치),밥류,375,78,14,1,13,1,18,1200
캘리포니아롤,밥류,489,89,12,9,8,7,147,1296
콩밥(강낭콩),밥류,173,38,4,0,0,1,16,25
회덮밥,밥류,685,103,30,17,10,8,120,745
가래떡,빵 및 과자류,210,46,4,1,0,0,12,250
가래떡(흑미),빵 및 과자류,205,48,4,0,0,0,8,226
개피떡(바람떡),빵 및 과자류,206,44,5,1,7,0,14,286
경단(깨),빵 및 과자류,319,74,4,1,26,5,62,180
경단(찹쌀 카스텔라),빵 및 과자류,237,51,4,2,0,0,14,185
경단(콩),빵 및 과자류,314,74,4,0,20,2,10,226
기피편,빵 및 과자류,220,49,5,0,2,5,12,281
모듬찰떡,빵 및 과자류,233,43,6,4,3,4,24,203
모싯잎송편(동부),빵 및 과자류,190,40,6,1,3,4,88,262
모싯잎송편(동부(국내산)),빵 및 과자류,190,41,5,1,1,4,91,282
모싯잎송편(동부(수입산)),빵 및 과자류,190,40,6,1,3,3,85,242
무지개떡,빵 및 과자류,229,53,4,0,8,0,10,277
백설기,빵 및 과자류,224,50,4,1,7,0,13,290
삼각김밥(숯불갈비),밥류,161,33,4,2,0,1,11,358
삼각김밥(참치마요네즈),밥류,172,32,4,3,0,1,10,282
새우튀김롤,밥류,606,96,14,18,11,7,162,1392
쌀밥,밥류,166,37,3,0,0,0,6,0
알밥(간편조리세트 갑오징어알뚝밥),밥류,440,36,35,17,9,3,71,3664
연어롤,밥류,510,74,19,15,8,9,135,1212
연잎밥,밥류,207,47,4,0,0,0,14,178
자장밥,밥류,740,120,15,22,5,12,55,1560
주먹밥(멸치),밥류,312,54,9,7,0,3,110,496
짜장밥(오징어),밥류,136,22,6,3,0,1,19,325
초밥(광어),밥류,453,78,27,4,7,2,24,810
초밥(농어),밥류,398,79,17,1,13,2,18,1035
초밥(모듬),밥류,462,76,25,6,8,2,45,969
초밥(문어),밥류,392,82,15,1,13,2,22,1200
초밥(새우),밥류,130,20,8,2,3,0,24,451
초밥(연어),밥류,207,20,11,9,3,0,510,278
초밥(유부초밥),밥류,165,31,4,3,2,1,63,255
덮밥(송이버섯),밥류,582,96,18,14,2,13,72,1680
덮밥(유산슬),밥류,578,74,27,19,0,10,110,1578
덮밥(장어),밥류,716,97,30,23,5,10,180,920
덮밥(참치),밥류,680,103,29,17,3,8,100,1620
덮밥(해물),밥류,770,100,42,22,1,11,140,1806
리소토/리조또(간편조리세트 베이컨버섯크림리조또),밥류,1661,141,28,109,18,7,240,2247
리소토/리조또(간편조리세트 쉬림프로제리조또),밥류,1427,151,27,79,31,5,300,2425
볶음밥(간편조리세트 돼지불백깍둑볶음누룽밥),밥류,1112,107,65,47,24,6,490,3098
볶음밥,밥류,193,22,7,8,1,0,51,282
볶음밥(김치),밥류,167,23,4,6,1,1,27,320
볶음밥(삼선),밥류,688,86,26,26,1,9,92,1212
비빔밥(간편조리세트 꼬막비빔밥),밥류,357,38,25,11,18,9,108,1627
비빔밥(멍게),밥류,548,91,17,13,16,7,144,1144
비빔밥(약초),밥류,512,80,12,16,2,10,244,972
삼각김밥(고추장불고기),밥류,165,34,4,2,0,1,29,343
곤드레나물밥,밥류,522,99,10,9,0,10,147,91
국밥,밥류,416,59,28,8,0,10,200,2304
국밥(굴),밥류,682,88,42,18,0,5,195,1638
국밥(돼지고기),밥류,912,75,66,39,0,12,132,1092
국밥(소고기),밥류,329,43,22,8,2,7,91,1785
귀리밥,밥류,162,35,4,1,0,1,11,0
누룽지(뜨거운물첨가),밥류,69,15,1,0,1,0,4,13
아이스 카페라떼(카라멜),음료 및 차류,195,33,5,5,21,0,202,60
아이스 카페모카,음료 및 차류,206,34,6,5,24,1,195,85
아이스 카페모카(카라멜),음료 및 차류,259,49,6,5,33,1,206,89
아이스 카페모카(카라멜 휘핑크림),음료 및 차류,369,51,6,16,33,1,224,103
아이스 카페모카(휘핑크림),음료 및 차류,316,36,6,16,24,1,213,99
율무차,음료 및 차류,66,12,1,2,7,0,5,62
카페라떼,음료 및 차류,135,13,6,6,7,0,220,71
카페라떼(시럽),음료 및 차류,181,24,6,6,18,0,238,71
카페라떼(카라멜),음료 및 차류,209,33,6,7,21,0,238,75
카페모카,음료 및 차류,224,34,7,7,24,0,238,99
카페모카(카라멜),음료 및 차류,263,45,7,7,31,0,248,99
카페모카(카라멜 휘핑크림),음료 및 차류,373,47,7,18,31,0,266,114
카페모카(휘핑크림),음료 및 차류,330,36,7,18,24,0,256,110
커피(타먹는커피),음료 및 차류,51,10,0,1,6,0,17,2
감자범벅,"곡류, 서류 제품",107,25,3,0,4,3,12,674
파강회,"채소, 해조류",36,5,1,1,2,1,32,235
육회,수·조·어·육류,474,40,28,23,29,3,54,732
모듬회,수·조·어·육류,200,8,34,3,3,0,63,740
오이장아찌,장아찌·절임류,41,4,1,2,2,0,23,1153
무말랭이장아찌,장아찌·절임류,110,17,4,3,6,6,91,1212
무숙장아찌,장아찌·절임류,87,4,3,6,2,0,24,1308
짜장소스,"장류, 양념류",202,26,9,7,8,4,48,1076
카레소스,"장류, 양념류",203,28,8,7,6,3,49,1090
고춧가루 양념장,"장류, 양념류",161,17,7,8,2,5,98,1628
기름장,"장류, 양념류",64,0,0,7,0,0,4,752
쌈장,"장류, 양념류",31,4,1,1,1,1,12,516
초간장,"장류, 양념류",11,2,1,0,0,0,3,478
팥빙수,유제품류 및 빙과류,297,62,7,2,34,3,48,102
두유 카페라떼,음료 및 차류,106,8,5,6,4,1,128,114
두유 카페라떼(시럽),음료 및 차류,156,21,5,6,16,1,149,117
딸기넥타,음료 및 차류,110,28,1,0,22,2,25,21
딸기바나나 스무디,음료 및 차류,192,42,4,2,33,3,103,39
미숫가루(선식)음료,음료 및 차류,128,28,3,1,12,2,11,1
수박화채,음료 및 차류,84,16,2,2,11,0,64,18
아이스 카페라떼,음료 및 차류,110,11,5,5,6,0,181,57
아이스 카페라떼(시럽),음료 및 차류,163,24,5,5,18,0,199,60
천사채무침,생채·무침류,161,6,7,12,1,2,66,546
치커리무침,생채·무침류,24,4,1,1,1,1,35,258
콩나물 느타리무침,생채·무침류,46,4,3,3,0,2,24,193
콩나물냉채,생채·무침류,14,2,1,0,0,0,13,101
콩나물냉채(오이),생채·무침류,63,10,4,1,5,2,69,230
오이김치,김치류,39,8,2,0,2,2,39,1894
가지김치,김치류,36,6,2,1,2,3,62,1592
섞박지,김치류,38,7,2,1,2,3,57,1895
양념채김치,김치류,101,14,6,3,6,5,213,2027
오이 물김치,김치류,51,9,3,1,4,2,79,2268
양념 바지락젓,젓갈류,6,0,1,0,0,0,11,0
양념 새우젓,젓갈류,10,1,1,0,0,0,44,879
양념 오징어젓,젓갈류,9,1,1,0,0,0,11,279
양념 오징어젓(낙지),젓갈류,10,1,1,0,0,0,12,302
더덕장아찌,장아찌·절임류,59,9,1,3,2,2,22,2116
시금치 겉절이,생채·무침류,44,5,2,2,1,2,32,289
쑥갓오이무침,생채·무침류,47,7,2,1,0,2,75,197
양념 도토리묵,생채·무침류,64,12,1,1,0,1,20,424
양배추 겉절이,생채·무침류,45,7,2,1,3,2,38,445
양배추 샐러드,생채·무침류,121,5,1,11,2,1,24,177
양배추부추무침,생채·무침류,31,6,2,0,3,2,30,296
양상추 샐러드,생채·무침류,66,4,1,5,2,0,12,74
어묵 오이무침,생채·무침류,135,19,8,3,5,1,47,562
오이 도라지 생채,생채·무침류,53,11,2,1,4,2,26,286
오이고추 된장무침,생채·무침류,16,3,1,0,0,0,6,156
오이부추무침,생채·무침류,13,3,0,0,1,0,6,103
옥수수샐러드,생채·무침류,168,16,2,11,5,1,16,222
옥수수샐러드(햄),생채·무침류,200,13,9,12,2,2,35,312
유채무침,생채·무침류,48,10,3,1,4,2,94,180
쥐포무침,생채·무침류,92,10,8,2,6,0,28,428
짜사이무침,생채·무침류,22,2,0,2,1,0,12,474
참나물 무침(된장),생채·무침류,8,1,0,0,0,0,12,50
참치 샐러드,생채·무침류,203,3,11,16,1,0,11,153
돌나물무침,생채·무침류,22,5,1,0,2,0,43,139
두부냉채,생채·무침류,141,7,12,8,1,2,60,420
마늘쫑장아찌무침,생채·무침류,40,9,1,0,4,1,8,353
마카로니 샐러드,생채·무침류,220,18,9,12,1,2,31,543
메밀묵 무침,생채·무침류,94,17,2,2,2,2,26,360
멕시컨샐러드,생채·무침류,192,14,7,12,8,2,32,412
문어무침,생채·무침류,82,6,9,3,2,1,30,435
미역 오이무침,생채·무침류,61,12,2,2,6,2,87,817
뱅어포무침,생채·무침류,108,3,13,5,1,0,207,329
부추 겉절이,생채·무침류,12,2,1,1,0,0,9,89
부추 채소무침,생채·무침류,11,2,1,0,1,0,9,86
부추 초무침,생채·무침류,12,2,1,0,0,0,7,94
브로콜리 두부무침,생채·무침류,18,3,1,0,1,0,11,84
브로콜리무침,생채·무침류,16,4,1,0,1,0,8,88
삼색냉채,생채·무침류,102,11,8,3,5,1,34,548
새싹 샐러드,생채·무침류,122,5,1,11,2,1,24,77
새우무침,생채·무침류,87,4,10,3,2,0,501,125
소라무침,생채·무침류,111,7,17,1,1,0,77,50
청포묵 무침,생채·무침류,64,10,2,3,1,2,16,423
파래무침,생채·무침류,15,3,1,0,0,1,22,215
파래무침(무),생채·무침류,21,4,1,1,1,1,31,167
파래무침(액젓),생채·무침류,22,3,2,1,0,1,35,321
풋고추된장무침,생채·무침류,22,4,1,0,1,1,8,195
풋마늘무침,생채·무침류,27,6,1,1,2,1,24,108
피조개무침,생채·무침류,116,14,11,2,7,2,68,460
가오리회무침,생채·무침류,127,17,13,1,9,3,146,443
감자샐러드,생채·무침류,129,12,2,8,2,1,14,246
겨자채,생채·무침류,180,6,8,13,3,1,20,27
단호박 샐러드,생채·무침류,62,5,1,5,1,1,4,42
달걀 샐러드,생채·무침류,263,9,10,21,1,1,35,289
닭가슴살 샐러드(마요네즈),생채·무침류,162,8,12,9,3,2,33,225
닭가슴살 샐러드(드레싱),생채·무침류,111,6,12,4,3,2,33,168
닭고기냉채,생채·무침류,108,9,16,1,4,2,60,32
닭튀김 샐러드,생채·무침류,237,12,11,16,3,2,36,306
부추무침(양파),생채·무침류,10,2,1,0,0,0,8,84
부추무침(채소),생채·무침류,12,2,1,1,0,0,9,89
북어채무침,생채·무침류,134,6,21,2,2,0,86,264
샐러드(단호박),생채·무침류,64,5,1,5,1,1,5,41
양장피,생채·무침류,279,18,37,6,10,6,183,1247
얼갈이 겉절이,생채·무침류,23,4,1,1,1,2,81,190
오이무침,생채·무침류,38,6,1,1,3,1,22,3
오이생채(부추),생채·무침류,8,2,0,0,0,0,6,97
오이생채(양파),생채·무침류,24,5,1,0,2,1,19,154
오이생채(고추장),생채·무침류,20,4,1,0,2,0,11,222
오이지무침,생채·무침류,43,3,1,3,1,0,12,372
오이지무침(고추),생채·무침류,14,2,0,0,0,0,14,911
오징어무침(채소),생채·무침류,50,4,7,1,2,0,12,174
오징어채무침,생채·무침류,100,8,12,2,3,0,23,350
참나물 겉절이,생채·무침류,8,1,0,0,0,0,12,49
참나물 겉절이(단감),생채·무침류,11,2,0,0,0,0,12,48
도라지생채(북어),생채·무침류,106,9,14,2,3,1,65,520
도토리묵무침,생채·무침류,56,12,1,1,0,1,18,179
돌나물,생채·무침류,22,5,1,0,2,0,43,139
두릅무침,생채·무침류,63,10,3,2,3,1,37,1258
마늘장아찌무침,생채·무침류,40,9,1,0,4,0,4,322
마늘쫑무침,생채·무침류,28,6,1,0,2,1,28,101
무말랭이무침(오징어),생채·무침류,150,21,10,3,6,6,98,283
무생채(굴),생채·무침류,40,6,3,1,3,1,33,675
무생채(미나리),생채·무침류,39,7,1,1,3,2,26,507
미나리무침,생채·무침류,10,1,0,0,0,0,12,86
미나리무침(고추장),생채·무침류,20,4,1,0,1,1,19,109
쑥갓나물(두부),나물·숙채류,16,1,2,1,0,0,32,94
쑥갓나물(모듬채소),나물·숙채류,12,1,1,1,0,0,30,110
씀바귀나물,나물·숙채류,23,4,1,1,1,1,18,178
애호박나물,나물·숙채류,18,3,1,1,1,1,10,81
양배추 초나물,나물·숙채류,75,11,2,3,6,2,50,198
얼갈이 나물,나물·숙채류,48,4,2,3,0,2,175,1483
오이나물,나물·숙채류,79,3,1,7,1,0,24,338
토란대나물,나물·숙채류,16,2,0,1,0,0,32,87
간재미회무침,생채·무침류,127,17,13,1,9,3,146,443
개고기무침,생채·무침류,750,23,47,55,5,14,260,688
곤약무침(마요네즈),생채·무침류,62,3,1,6,0,1,34,89
골뱅이무침(소면),생채·무침류,306,42,25,5,17,4,75,1035
과일샐러드,생채·무침류,112,10,1,8,7,1,9,56
굴무침(채소),생채·무침류,20,2,2,1,0,0,66,155
굴무침(무),생채·무침류,14,2,1,0,0,0,44,160
낙지무침,생채·무침류,88,7,14,1,2,1,45,678
다시마무침,생채·무침류,39,4,2,2,0,2,70,322
고사리나물,나물·숙채류,20,2,2,1,0,1,11,100
고춧잎나물,나물·숙채류,18,2,1,1,0,0,77,95
근대나물,나물·숙채류,56,6,2,3,0,2,56,460
냉이초나물,나물·숙채류,77,12,4,2,2,4,162,261
도라지나물,나물·숙채류,22,3,0,1,0,1,11,80
머위나물,나물·숙채류,15,1,1,1,0,0,28,110
모듬배추나물(된장),나물·숙채류,40,5,2,2,2,2,108,324
무나물,나물·숙채류,17,2,0,1,0,0,13,82
무청나물,나물·숙채류,80,6,3,5,0,3,251,367
민들레무침,나물·숙채류,14,2,1,0,0,0,24,122
방풍나물(고추장),나물·숙채류,18,4,1,0,0,1,44,72
방풍나물(된장),나물·숙채류,16,2,1,0,0,1,42,75
방풍나물(소금),나물·숙채류,12,2,1,0,0,1,38,54
부추나물,나물·숙채류,9,1,1,0,0,0,10,68
비름나물,나물·숙채류,14,2,1,0,0,1,43,74
비름나물(간장),나물·숙채류,12,1,1,1,0,1,41,95
비름나물(된장),나물·숙채류,14,2,1,1,0,1,49,96
쑥갓나물,나물·숙채류,10,1,1,0,0,0,28,141
시금치나물(당근),나물·숙채류,12,1,1,0,0,0,15,111
시래기나물,나물·숙채류,60,11,2,2,3,3,90,1032
시래기나물(간장 소금),나물·숙채류,22,2,1,1,0,1,39,148
열무나물(된장),나물·숙채류,36,4,3,1,1,1,134,324
유채나물,나물·숙채류,36,5,4,1,0,3,146,496
유채나물(간장 소금),나물·숙채류,15,2,1,1,0,1,59,108
유채나물(된장),나물·숙채류,24,3,2,1,0,1,78,146
참나물,나물·숙채류,57,11,2,1,0,5,12,240
청경채나물,나물·숙채류,14,2,1,1,0,0,53,156
취나물(된장),나물·숙채류,63,11,3,2,2,4,119,215
취나물무침(간장),나물·숙채류,45,7,2,2,1,2,74,252
취나물무침(소금),나물·숙채류,69,9,2,3,0,3,99,537
콩나물무침(고추),나물·숙채류,14,1,1,1,0,0,15,138
콩나물무침(당근),나물·숙채류,14,1,1,1,0,0,13,58
콩나물무침(당근 시금치),나물·숙채류,12,1,1,1,0,0,12,60
콩나물무침(부추),나물·숙채류,12,1,1,1,0,0,12,84
콩나물무침(시금치),나물·숙채류,10,1,1,1,0,0,12,67
톳나물(두부),나물·숙채류,42,4,4,2,0,3,116,218
잔멸치 튀김,튀김류,158,7,9,10,0,0,127,1202
조기튀김,튀김류,160,4,15,9,0,0,21,94
채소튀김,튀김류,101,12,1,5,1,0,11,138
탕수어,튀김류,319,44,14,9,9,1,51,365
가지나물,나물·숙채류,31,5,1,1,2,2,21,296
고구마줄기나물(고춧가루),나물·숙채류,16,3,1,0,0,1,45,95
고구마줄기나물(들깨),나물·숙채류,23,2,1,1,0,1,46,77
냉이나물,나물·숙채류,25,4,2,1,0,2,71,136
미나리나물(고추장),나물·숙채류,12,2,1,0,1,1,13,60
미나리나물(모듬),나물·숙채류,10,1,0,0,0,0,12,76
미나리나물(팽이버섯),나물·숙채류,8,1,0,0,0,0,11,84
배추나물,나물·숙채류,38,5,2,2,1,1,58,292
배추나물(간장),나물·숙채류,27,4,2,1,1,1,50,192
숙주나물,나물·숙채류,7,1,1,0,0,0,5,140
숙주나물(미나리),나물·숙채류,31,3,2,1,0,2,24,280
시금치나물(고추장),나물·숙채류,12,2,1,0,0,0,14,100
돼지갈비강정,튀김류,345,19,23,18,3,0,14,487
돼지고기강정,튀김류,284,14,24,14,3,0,16,842
돼지고기튀김,튀김류,163,5,15,9,0,0,10,377
두부 탕수,튀김류,226,28,8,9,6,3,62,1174
두부튀김,튀김류,188,15,10,10,1,2,60,405
등심돈가스,튀김류,405,30,30,16,2,1,36,922
비프까스,튀김류,572,34,22,38,6,1,38,718
새우 탕수,튀김류,262,21,19,11,8,1,80,413
소고기튀김,튀김류,295,12,12,22,2,0,17,489
소시지튀김,튀김류,234,15,10,14,1,0,18,715
식빵튀김,튀김류,197,28,5,7,5,1,13,258
쑥튀김,튀김류,141,12,4,8,0,1,39,333
양념 돼지고기튀김,튀김류,364,27,25,17,4,1,21,668
어묵튀김,튀김류,169,14,8,8,1,0,36,750
연근튀김,튀김류,188,20,4,10,1,2,33,468
오징어탕수,튀김류,303,25,16,14,6,0,35,476
우럭튀김,튀김류,179,12,15,7,0,0,48,1186
임연수튀김,튀김류,265,13,19,14,0,0,28,817
생선까스(소스),튀김류,510,16,17,42,1,0,13,442
탕수육,튀김류,388,38,23,15,11,1,31,501
새우튀김,튀김류,171,19,8,6,2,1,35,379
오징어튀김,튀김류,81,4,5,5,0,0,6,151
가자미튀김,튀김류,94,3,5,7,0,0,10,215
가지탕수,튀김류,301,41,4,13,8,4,41,461
갈치튀김,튀김류,78,2,5,5,0,0,12,172
게맛살튀김,튀김류,357,44,10,14,2,0,253,737
느타리버섯튀김,튀김류,137,12,4,8,0,0,17,333
달걀튀김,튀김류,236,14,9,15,0,0,30,112
닭강정,튀김류,403,39,33,11,8,0,22,320
닭고기 탕수,튀김류,218,20,17,7,6,0,23,138
대구튀김,튀김류,236,11,22,10,0,0,45,1133
도라지튀김,튀김류,138,14,4,7,0,2,32,366
도미튀김,튀김류,186,12,16,8,0,0,25,1063
동태튀김,튀김류,177,10,13,9,0,0,40,990
홍어회무침,생채·무침류,145,15,13,4,9,2,201,1395
완자조림,조림류,231,17,20,9,3,2,43,306
적어조림,조림류,110,7,14,2,2,1,43,290
전어조림,조림류,94,3,14,2,1,0,109,146
콩조림,조림류,188,21,13,6,6,6,66,589
감자튀김,튀김류,207,29,4,9,0,5,18,757
깐쇼새우,튀김류,495,49,26,21,17,2,89,878
떡강정,튀김류,522,95,7,13,11,2,26,783
북어강정,튀김류,153,14,7,8,2,0,20,849
햄샐러드,생채·무침류,236,26,7,12,9,2,40,282
건꼴뚜기조림(풋고추),조림류,90,3,9,4,0,0,90,323
게조림,조림류,168,2,34,1,0,0,256,1312
고구마조림,조림류,162,37,2,1,10,3,27,823
곤약조림,조림류,38,6,1,2,1,2,77,289
꽈리고추조림(멸치),조림류,46,4,6,1,0,0,206,368
다시마조림,조림류,39,4,2,2,0,2,70,322
단호박조림,조림류,71,15,2,1,4,4,19,815
도루묵조림,조림류,127,7,14,4,2,1,25,387
돼지고기 장조림,조림류,75,4,8,3,1,0,6,614
돼지고기 장조림(메추리알),조림류,72,3,7,3,0,0,9,450
마늘쫑조림(멸치),조림류,30,5,2,1,1,0,96,180
메추리알 돼지고기장조림,조림류,105,4,10,5,0,0,21,416
메추리알 어묵조림,조림류,105,10,6,4,4,0,28,541
메추리알장조림(꽈리고추),조림류,72,4,5,4,0,0,25,235
모듬 콩조림,조림류,27,2,2,1,0,0,7,48
새우조림,조림류,232,12,28,7,2,1,142,1159
소고기 장조림,조림류,94,3,7,5,0,0,8,420
소고기 장조림(메추리알),조림류,76,3,7,4,0,0,12,318
땅콩조림,조림류,40,2,2,3,0,0,5,37
멸치조림,조림류,90,4,9,4,1,0,127,673
무조림,조림류,37,7,2,1,2,1,28,821
미트볼조림,조림류,133,12,5,7,4,6,17,332
버섯조림,조림류,20,4,1,0,0,0,4,156
삼치조림,조림류,60,4,7,1,1,1,11,286
양미리조림,조림류,176,7,22,5,1,0,80,352
어묵조림,조림류,170,22,9,5,5,0,45,851
어묵조림(풋고추),조림류,143,17,8,5,5,0,33,833
오징어조림,조림류,94,8,13,1,2,1,18,441
우엉조림,조림류,79,16,2,1,4,2,29,334
장조림(메추리알),조림류,72,4,5,4,0,0,25,236
쥐포조림,조림류,89,10,9,1,6,0,31,273
코다리조림,조림류,34,2,5,1,0,0,10,154
코다리조림(무),조림류,112,7,16,2,2,1,40,378
코다리조림(간장),조림류,58,5,8,1,3,0,16,331
건갈치조림,조림류,72,3,8,3,1,0,37,784
해파리냉채,생채·무침류,26,5,1,0,2,0,28,273
제육볶음(오징어),볶음류,574,28,36,34,11,5,53,853
콩나물잡채,볶음류,150,5,7,11,2,1,44,218
피망볶음,볶음류,108,9,1,8,1,1,16,336
호박고지볶음,볶음류,125,24,3,3,11,4,72,1093
갈치조림(무),조림류,260,18,25,10,7,4,92,928
감자조림,조림류,53,11,1,1,1,1,6,194
고등어조림(무),조림류,89,5,8,4,1,1,19,294
고등어조림(배추김치),조림류,322,19,28,15,7,8,146,1286
고등어조림(모듬채소),조림류,48,3,4,2,0,0,13,137
고추조림(멸치),조림류,46,4,6,1,0,0,206,371
꽁치조림(채소),조림류,137,9,17,4,3,2,42,342
꽁치조림(김치),조림류,49,3,5,2,0,0,59,172
달걀조림,조림류,87,5,7,4,1,0,27,398
닭도리탕,조림류,445,32,37,19,8,6,51,946
닭조림,조림류,170,16,16,4,5,2,21,386
두부조림,조림류,170,12,14,7,3,5,90,557
낙지 삼겹살 볶음,볶음류,385,10,23,27,4,1,41,870
닭볶음,볶음류,384,35,41,8,10,4,62,756
두부볶음(돼지고기),볶음류,223,15,14,12,4,3,65,279
매운 어묵볶음,볶음류,90,11,5,3,2,0,23,397
모듬버섯볶음,볶음류,69,7,3,5,2,2,13,430
버섯 잡채,볶음류,298,13,10,24,3,5,160,414
베이컨채소볶음,볶음류,183,13,8,11,6,2,31,311
브로콜리 버섯볶음,볶음류,12,1,1,1,0,0,8,70
소간 채소볶음,볶음류,125,8,11,6,3,2,25,519
소고기채소볶음,볶음류,246,6,10,19,4,1,21,222
소곱창 볶음,볶음류,177,5,9,13,1,2,42,366
소시지 케첩볶음,볶음류,248,13,11,17,4,1,30,622
양송이버섯볶음(소고기),볶음류,122,6,5,9,3,1,20,253
어묵 감자볶음,볶음류,166,19,7,7,3,1,29,446
어묵잡채,볶음류,299,23,15,16,5,1,64,1000
우엉볶음,볶음류,102,10,3,6,1,3,39,290
제육볶음,볶음류,151,6,12,8,2,0,10,220
제육볶음(채소),볶음류,464,24,33,25,11,4,47,718
잔멸치볶음(모듬),볶음류,126,7,12,6,2,0,164,772
잡채(소고기),볶음류,314,41,7,14,5,4,93,799
잡채(부추),볶음류,136,21,5,4,2,2,40,216
주꾸미볶음(채소),볶음류,233,25,22,6,9,6,85,447
죽순볶음,볶음류,78,4,3,6,0,2,22,1
중식잡채,볶음류,374,61,10,10,5,4,94,504
쫄볶이,볶음류,945,185,30,9,25,8,265,4108
팔보채,볶음류,176,4,25,6,0,0,94,928
표고버섯볶음,볶음류,38,4,2,2,1,2,9,157
햄채소볶음,볶음류,141,8,13,6,4,1,21,701
호박볶음(호박),볶음류,19,2,1,1,1,0,12,164
호박볶음(호박 채소),볶음류,24,3,1,1,1,1,11,101
김치 돼지고기볶음,볶음류,56,2,4,3,1,1,12,147
꽈리고추볶음,볶음류,114,10,2,8,2,1,15,336
꽈리고추볶음(멸치),볶음류,71,5,7,2,1,0,332,420
꽈리고추볶음(잔멸치),볶음류,45,2,5,2,0,0,76,362
순대볶음(채소),볶음류,267,44,5,8,7,3,60,936
양파볶음,볶음류,72,5,1,5,4,1,20,340
어묵볶음,볶음류,138,17,8,4,3,0,38,573
어묵볶음(어묵),볶음류,89,11,5,3,2,0,23,399
어묵볶음(어묵 채소),볶음류,80,10,4,3,2,0,21,345
어묵볶음(채소),볶음류,81,10,4,3,2,0,21,343
오리볶음,볶음류,718,31,44,47,11,6,84,1067
오징어볶음(채소),볶음류,290,24,33,7,11,5,59,950
유산슬,볶음류,291,20,37,8,2,4,258,1890
잔멸치볶음(간장),볶음류,118,6,9,6,2,0,129,720
잔멸치볶음(견과류),볶음류,82,3,7,5,0,0,88,334
잔멸치볶음(잔멸치),볶음류,47,2,6,2,0,0,81,365
잔멸치볶음(잔멸치 견과류),볶음류,82,3,7,5,0,0,88,334
잔멸치볶음(잔멸치 꽈리고추),볶음류,45,2,5,2,0,0,76,363
잔멸치볶음(풋고추),볶음류,102,7,11,4,2,0,148,777
마늘쫑볶음(건어물),볶음류,36,3,4,1,1,0,161,212
마파두부,볶음류,139,10,8,7,1,2,42,397
멸치볶음,볶음류,91,4,12,3,1,0,574,615
멸치볶음(견과류),볶음류,26,1,2,2,0,0,72,80
멸치볶음(꽈리고추),볶음류,71,5,7,2,1,0,332,421
멸치볶음(멸치만),볶음류,91,4,12,3,1,0,574,616
문어볶음,볶음류,150,12,13,6,8,3,36,536
미역줄기볶음(미역줄기),볶음류,27,2,1,2,0,1,47,220
삼겹살볶음(낙지),볶음류,438,19,21,30,10,2,45,900
새송이버섯볶음(새송이버섯 채소),볶음류,18,2,1,1,0,1,4,102
소고기볶음,볶음류,241,5,10,19,1,1,28,467
소고기볶음(고추장),볶음류,248,13,10,17,5,1,16,379
소고기볶음(버섯),볶음류,97,4,6,6,1,0,10,206
소시지볶음(채소),볶음류,134,6,7,9,2,0,12,439
순대볶음(곱창),볶음류,719,82,34,30,16,17,244,1950
돼지고기볶음(김치),볶음류,218,14,19,9,7,4,54,702
돼지고기볶음(돼지고기),볶음류,536,26,38,32,11,4,36,672
돼지고기볶음(돼지고기 버섯),볶음류,469,30,39,22,13,5,46,971
돼지고기볶음(돼지고기 오징어),볶음류,558,28,36,34,11,5,49,877
돼지고기볶음(돼지고기 채소),볶음류,456,24,33,25,11,4,47,735
돼지고기볶음(케찹),볶음류,214,9,24,9,5,1,15,270
두부김치(돼지고기),볶음류,361,17,29,19,5,10,194,873
떡볶이(소고기),볶음류,292,51,7,7,8,2,27,846
떡볶이(소고기 버섯),볶음류,317,58,8,7,9,2,25,618
떡볶이(어묵),볶음류,130,27,3,1,4,1,17,367
떡볶이(양배추),볶음류,228,51,5,1,7,3,30,765
떡볶이(카레),볶음류,214,27,5,9,1,0,14,610
라볶이,볶음류,537,88,10,16,8,5,223,613
마늘쫑볶음(간장),볶음류,89,8,3,5,3,2,154,546
마늘쫑볶음(건새우),볶음류,30,3,3,1,1,0,173,190
마늘쫑볶음(멸치),볶음류,32,2,4,1,0,0,133,226
감자볶음(감자 당근),볶음류,42,7,1,1,0,1,6,112
감자볶음(채소),볶음류,97,19,3,1,1,3,15,144
감자볶음(풋고추),볶음류,106,17,3,3,4,3,33,420
감자볶음(양파),볶음류,124,17,3,5,3,2,14,291
감자볶음(햄),볶음류,191,16,6,12,1,2,18,799
건새우볶음,볶음류,109,5,10,5,1,0,669,944
건새우볶음(건새우),볶음류,72,3,9,2,0,0,675,639
건새우볶음(건새우 꽈리고추),볶음류,53,4,5,2,1,0,359,382
건새우볶음(풋고추),볶음류,143,11,9,7,4,0,632,757
고추잡채,볶음류,268,17,17,16,5,5,52,636
곱창볶음(돼지고기),볶음류,199,15,11,11,7,2,34,654
김치볶음,볶음류,30,3,1,1,1,1,24,269
김치볶음(김치),볶음류,27,3,1,1,1,1,27,278
김치볶음(돼지고기),볶음류,58,5,2,3,2,2,30,398
김치볶음(참치),볶음류,151,11,10,7,5,5,65,758
낙지볶음,볶음류,189,20,16,6,11,4,54,1344
느타리버섯볶음(느타리버섯),볶음류,19,2,1,1,0,1,3,117
녹두전,전·적 및 부침류,146,13,8,7,0,5,27,35
떡산적(소고기),전·적 및 부침류,229,27,13,8,3,2,87,589
모듬채소전,전·적 및 부침류,169,23,4,6,1,1,18,190
소고기 완자전,전·적 및 부침류,247,8,11,18,0,1,29,372
애호박부침개(새우),전·적 및 부침류,169,19,8,6,1,2,38,60
양파 소고기전,전·적 및 부침류,127,7,4,9,2,0,14,357
어묵전,전·적 및 부침류,213,23,10,9,1,0,38,712
오믈렛,전·적 및 부침류,154,3,9,12,1,0,30,440
옥수수부침,전·적 및 부침류,230,30,4,10,3,2,10,768
해물 완자전,전·적 및 부침류,155,8,12,8,1,0,26,111
가지볶음(가지),볶음류,21,2,1,1,0,0,7,124
가지볶음(가지 고추),볶음류,16,2,1,1,0,0,7,98
가지볶음(가지 당근),볶음류,28,3,1,1,1,1,10,127
감자볶음,볶음류,49,9,1,1,0,1,7,151
감자볶음(감자),볶음류,49,9,1,1,0,1,7,154
맛살전,전·적 및 부침류,212,27,9,7,2,0,251,885
부추전,전·적 및 부침류,213,32,5,6,1,2,24,248
새송이버섯전,전·적 및 부침류,60,6,3,4,0,1,8,88
애호박전,전·적 및 부침류,59,5,2,4,0,0,10,142
어육소시지전,전·적 및 부침류,142,10,7,8,1,0,26,353
완자전,전·적 및 부침류,321,16,11,23,0,4,69,162
장떡,전·적 및 부침류,138,19,3,5,1,1,11,187
파래전,전·적 및 부침류,79,13,2,2,0,0,10,113
파전(돼지고기 김치),전·적 및 부침류,152,20,8,4,1,1,52,768
파전(감자 김치),전·적 및 부침류,140,22,4,4,1,2,54,764
파전(굴 김치),전·적 및 부침류,139,20,5,4,1,1,69,609
해물파전,전·적 및 부침류,162,16,9,6,0,0,61,409
햄구이,구이류,91,1,12,4,0,0,5,455
가지전,전·적 및 부침류,110,11,3,6,1,2,18,518
감자전,전·적 및 부침류,140,21,3,5,0,2,14,104
김치전,전·적 및 부침류,220,35,5,6,1,2,40,423
녹두빈대떡(돼지고기),전·적 및 부침류,368,45,20,12,0,15,80,229
녹두빈대떡(채소),전·적 및 부침류,157,26,7,3,3,4,55,1105
녹두빈대떡(해물),전·적 및 부침류,135,17,9,3,2,2,52,1030
녹두빈대떡(해물 돼지고기),전·적 및 부침류,162,17,14,4,2,2,52,879
달걀말이(부추),전·적 및 부침류,51,0,4,4,0,0,14,94
달걀부침(달걀후라이),전·적 및 부침류,133,2,8,9,0,0,36,335
소안심스테이크,구이류,457,6,39,29,3,1,30,561
쑥전(부침개),구이류,123,13,5,6,0,4,84,519
양태구이,구이류,107,0,14,5,0,0,71,672
오징어불고기,구이류,285,17,38,8,6,3,53,848
우럭구이,구이류,111,0,14,6,0,0,30,703
우엉 양념구이,구이류,145,26,4,3,3,4,41,130
은대구구이,구이류,137,0,9,10,0,0,74,762
장어 양념구이,구이류,228,12,11,15,3,1,128,534
장어 양념구이(들깨),구이류,151,12,12,6,6,0,17,381
적어구이,구이류,111,0,13,6,0,0,26,766
전갱이구이,구이류,127,0,16,7,0,0,19,672
조기 양념구이,구이류,153,8,15,6,3,0,34,1140
조기 오븐구이,구이류,32,0,5,1,0,0,6,26
조미 김구이,구이류,26,1,1,2,0,0,10,201
채소 꼬치구이,구이류,136,21,4,3,1,1,57,609
청어구이,구이류,258,0,16,20,0,0,36,782
칠면조구이,구이류,88,0,13,3,0,0,9,235
키조개구이,구이류,75,2,9,3,0,0,43,881
감자그라탕,구이류,142,18,4,6,3,2,44,310
넙치구이,구이류,133,0,16,7,0,0,44,706
느타리버섯 구이,구이류,55,5,2,4,1,2,5,338
닭꼬치구이,구이류,163,5,29,2,3,0,14,110
도다리구이,구이류,121,1,19,4,0,0,25,823
동태양념구이,구이류,98,1,16,3,0,0,53,482
돼지고기 꼬치구이,구이류,188,3,28,6,1,0,8,125
돼지고기 스테이크,구이류,126,6,15,4,2,1,12,414
민어구이,구이류,106,0,13,6,0,0,16,703
베이컨떡말이구이,구이류,304,38,8,13,4,2,24,722
병어구이,구이류,121,0,11,8,0,0,15,775
북어양념구이,구이류,233,11,35,5,3,1,162,484
새송이버섯 구이,구이류,55,5,2,4,1,2,5,341
서대구이,구이류,128,1,20,5,0,0,21,932
소갈비 구이,구이류,644,19,31,47,11,1,32,1035
소곱창 구이,구이류,113,2,6,8,1,0,13,196
소등심 스테이크,구이류,675,2,32,57,0,0,32,900
소등심구이,구이류,560,0,28,47,0,0,21,855
새우구이,구이류,102,0,22,1,0,0,84,969
소내장구이,구이류,239,2,18,17,0,0,23,148
소불고기(버섯),구이류,466,32,29,26,11,3,43,1027
오리고기로스,구이류,574,2,39,45,0,0,40,531
오리불고기,구이류,165,12,18,5,7,1,22,318
옥돔구이,구이류,90,0,11,4,0,0,21,76
옥수수구이,구이류,133,14,1,8,3,0,4,156
옥수수구이(치즈),구이류,98,10,3,5,2,0,79,130
장어구이(고추장),구이류,255,9,19,16,3,1,122,393
장어구이(소금),구이류,253,0,18,19,0,0,154,363
전어구이,구이류,119,0,21,3,0,0,158,695
조기구이,구이류,101,0,13,5,0,0,14,539
참치구이,구이류,204,0,22,12,0,0,25,728
황태구이(양념),구이류,245,10,35,6,3,1,187,517
김부각,튀김류,79,10,3,4,0,2,26,65
감자구이,구이류,133,20,3,5,0,3,12,1
고등어구이,구이류,241,5,16,17,0,0,24,352
고등어구이(기름),구이류,245,5,16,17,0,0,24,352
굴비구이,구이류,92,1,9,6,0,0,14,82
꼬치구이(닭모래집 고추장),구이류,154,2,28,3,1,0,18,108
꼬치구이(닭모래집 간장),구이류,120,4,21,2,2,0,14,340
꽁치구이,구이류,164,2,19,8,0,0,37,482
닭구이,구이류,205,8,19,10,5,0,19,675
닭날개구이,구이류,229,2,23,13,1,0,21,164
닭다리구이,구이류,227,1,20,15,0,0,62,172
돼지갈비구이,구이류,238,12,14,14,6,0,13,387
돼지불고기(고추장),구이류,186,12,20,6,7,1,15,284
런천미트구이,구이류,129,5,9,8,0,0,4,467
삼치구이,구이류,243,2,36,9,0,0,11,631
고등어튀김,튀김류,126,2,6,10,0,0,10,262
개고기 수육,찜류,452,6,32,34,0,2,54,108
고등어찜,찜류,176,6,16,9,1,2,63,304
굴찜,찜류,140,16,11,4,7,2,100,913
꽃게찜,찜류,416,41,47,11,7,14,392,1736
도미찜,찜류,118,7,18,2,2,2,75,193
돼지사태찜,찜류,149,12,13,5,4,1,18,367
두부 달걀찜,찜류,92,3,8,5,0,2,49,179
메기찜,찜류,375,28,39,12,4,7,132,792
명란찜,찜류,76,4,9,3,1,0,38,1415
미더덕찜,찜류,92,10,9,2,1,1,71,465
바지락찜,찜류,122,13,12,3,6,2,72,1218
세발낙지찜,찜류,444,23,33,26,5,7,156,1410
소고기스튜,찜류,239,12,13,15,2,2,31,396
소고기찜,찜류,238,10,11,17,5,2,26,321
연두부찜,찜류,103,6,8,5,1,1,54,323
오징어찜,찜류,93,4,14,2,1,1,51,188
갈치구이,구이류,206,1,18,14,0,0,45,473
고구마깻잎튀김,튀김류,253,45,4,6,7,2,61,530
돼지갈비찜,찜류,473,16,36,28,7,1,31,850
돼지갈비찜(배추김치),찜류,400,24,26,22,9,9,135,1516
복찜,찜류,184,21,18,5,4,6,112,699
소갈비찜,찜류,832,48,40,53,21,4,60,2182
소갈비찜(해물),찜류,1534,97,128,68,7,14,314,1938
수육(소고기),찜류,109,1,17,4,0,0,29,495
수육(소고기 꼬리),찜류,151,0,11,11,0,0,7,29
애호박찜,찜류,46,6,2,2,2,2,41,739
코다리찜,찜류,92,7,12,2,1,1,38,298
풋고추찜,찜류,82,14,3,2,1,3,22,524
해물콩나물찜,찜류,434,33,60,9,6,11,280,1182
홍어찜,찜류,102,4,18,1,0,0,270,668
황태콩나물찜,찜류,533,45,66,13,11,16,416,1586
가자미찜,찜류,133,5,20,3,1,1,46,589
가지찜,찜류,120,10,6,6,2,2,21,402
콩나물찌개,찌개 및 전골류,30,3,4,1,0,1,72,548
해물 매운탕,찌개 및 전골류,221,12,37,3,3,4,156,1358
해물전골,찌개 및 전골류,130,10,16,3,2,3,75,890
홍어찌개,찌개 및 전골류,319,20,48,6,4,9,650,525
가오리찜,찜류,174,21,16,5,4,7,162,762
가오리콩나물찜,찜류,174,21,16,5,4,7,162,666
김치찜(돼지고기),찜류,396,21,29,21,8,9,162,1598
꼬막찜,찜류,30,2,4,1,0,0,28,193
꽃게콩나물찜,찜류,416,41,47,11,7,14,392,1672
꽈리고추찜,찜류,41,8,1,1,0,1,11,155
낙지찜,찜류,444,23,33,26,5,7,156,1302
단호박찜,찜류,37,9,1,0,3,1,4,2
달걀찜,찜류,131,2,12,8,0,0,48,958
달걀찜(새우젓),찜류,22,1,2,1,0,0,12,92
닭찜(간장),찜류,178,11,25,3,3,1,21,587
대구볼찜,찜류,288,34,27,8,6,11,173,915
꽁치튀김,튀김류,105,2,5,8,0,0,11,222
복지리,찌개 및 전골류,180,9,34,2,2,3,114,1254
볼락 매운탕,찌개 및 전골류,107,10,12,2,4,2,50,680
붕어 매운탕,찌개 및 전골류,138,6,19,4,1,3,90,672
삼치찌개,찌개 및 전골류,148,10,18,4,3,2,48,1031
섞어찌개(모듬찌개),찌개 및 전골류,188,18,8,10,4,5,43,933
송어 매운탕,찌개 및 전골류,149,11,18,4,4,3,69,681
숭어 매운탕,찌개 및 전골류,141,11,19,2,4,3,72,665
아귀 매운탕,찌개 및 전골류,150,13,22,2,3,5,78,1104
애호박찌개,찌개 및 전골류,39,8,2,0,3,3,25,599
애호박찌개(감자),찌개 및 전골류,116,12,11,3,2,4,149,640
어묵 매운탕,찌개 및 전골류,216,28,15,5,5,2,90,1482
연두부찌개,찌개 및 전골류,108,7,12,4,2,2,131,750
우럭 매운탕,찌개 및 전골류,203,20,24,4,4,7,133,1008
잉어 매운탕,찌개 및 전골류,143,11,16,4,4,3,80,637
잡탕전골,찌개 및 전골류,272,24,24,8,3,3,78,1355
장어매운탕,찌개 및 전골류,160,11,16,6,4,3,69,640
조기찌개,찌개 및 전골류,55,5,6,2,1,1,24,226
참치찌개,찌개 및 전골류,146,11,19,3,4,2,31,1067
김치순두부,찌개 및 전골류,42,2,5,2,0,0,15,107
김치순두부(바지락),찌개 및 전골류,178,8,20,7,3,2,82,571
김치순두부(해물),찌개 및 전골류,94,4,11,4,1,2,43,516
꽃게 매운탕,찌개 및 전골류,72,3,13,1,1,0,109,394
대구 매운탕,찌개 및 전골류,93,6,15,1,1,2,54,657
대구 매운탕(내장),찌개 및 전골류,117,7,20,1,2,2,69,642
대구 매운탕(내장 알),찌개 및 전골류,123,8,20,2,3,2,75,600
대구지리,찌개 및 전골류,96,5,16,1,0,3,90,918
대구탕,찌개 및 전골류,342,38,36,7,10,8,213,2167
도루묵찌개,찌개 및 전골류,311,20,34,11,6,6,133,306
명태 매운탕,찌개 및 전골류,306,20,44,6,4,9,300,362
모듬채소전골,찌개 및 전골류,90,9,8,3,2,4,50,652
민어 매운탕,찌개 및 전골류,158,13,20,4,4,4,86,630
버섯 샤브샤브,찌개 및 전골류,132,12,10,7,2,4,29,698
번데기탕,찌개 및 전골류,46,1,4,3,0,0,16,218
병어찌개,찌개 및 전골류,161,10,16,6,3,2,60,1449
보신탕,찌개 및 전골류,252,13,18,16,3,6,114,390
복 매운탕,찌개 및 전골류,186,14,31,2,3,6,96,1368
소고기 샤브샤브,찌개 및 전골류,428,38,27,19,3,5,74,1060
소고기전골,찌개 및 전골류,190,10,12,12,4,4,75,500
순대전골,찌개 및 전골류,342,28,25,14,3,6,86,720
아귀지리,찌개 및 전골류,113,5,21,1,1,1,43,470
알탕(해물),찌개 및 전골류,432,22,64,10,5,7,235,1466
오리백숙,찌개 및 전골류,1004,45,60,63,4,2,65,551
오리탕,찌개 및 전골류,874,31,56,59,7,10,168,1151
오징어찌개,찌개 및 전골류,94,9,13,1,3,1,28,708
청국장찌개,찌개 및 전골류,108,12,10,2,2,5,84,703
청국장찌개(해물),찌개 및 전골류,89,9,9,2,1,3,96,528
청국장찌개(모듬),찌개 및 전골류,101,11,9,2,2,5,82,581
콩비지찌개,찌개 및 전골류,202,15,19,7,4,10,101,563
가자미 매운탕,찌개 및 전골류,170,8,25,5,2,3,66,715
감자 소고기찌개,찌개 및 전골류,151,12,10,7,2,3,38,842
광어 매운탕,찌개 및 전골류,378,18,53,10,4,6,240,330
국수전골,찌개 및 전골류,403,67,16,8,4,5,60,1364
된장찌개(두부 호박),찌개 및 전골류,122,10,12,4,3,5,171,619
된장찌개(바지락),찌개 및 전골류,187,20,15,5,3,7,104,1129
된장찌개(소고기),찌개 및 전골류,139,10,10,6,2,4,53,842
된장찌개(미더덕),찌개 및 전골류,86,7,9,3,1,3,149,1138
된장찌개(콩나물),찌개 및 전골류,88,8,9,3,1,4,136,877
매운탕(동태 해물),찌개 및 전골류,335,16,53,6,4,7,233,1348
매운탕(메기 해물),찌개 및 전골류,324,32,30,9,6,6,158,1649
매운탕(해물),찌개 및 전골류,214,12,36,3,3,4,162,1066
버섯전골,찌개 및 전골류,137,14,10,7,2,6,34,703
버섯전골(소고기),찌개 및 전골류,236,19,16,12,4,4,44,576
불낙전골,찌개 및 전골류,276,18,28,11,4,4,76,1000
불낙전골(해물),찌개 및 전골류,323,23,28,14,4,5,106,785
고추장찌개(두부),찌개 및 전골류,224,17,21,9,4,5,68,552
곱창전골,찌개 및 전골류,268,15,20,15,4,5,68,633
김치전골,찌개 및 전골류,220,27,16,6,4,7,82,396
김치찌개(꽁치),찌개 및 전골류,113,6,10,6,2,3,146,564
김치찌개(돼지고기),찌개 및 전골류,214,16,17,9,3,5,88,830
김치찌개(돼지고기 두부),찌개 및 전골류,110,7,12,3,2,4,62,438
김치찌개(참치),찌개 및 전골류,106,6,9,5,2,3,46,470
김치찌개(삼겹살),찌개 및 전골류,187,7,8,13,2,3,48,499
꽁치찌개(김치),찌개 및 전골류,144,7,15,6,2,3,185,749
꽃게탕,찌개 및 전골류,186,15,25,3,4,4,227,817
낙지전골,찌개 및 전골류,150,15,18,3,4,4,69,851
내장전골,찌개 및 전골류,273,14,25,14,3,5,85,602
동태찌개,찌개 및 전골류,152,13,20,3,3,5,104,1080
돼지고기찌개,찌개 및 전골류,202,10,15,11,2,2,25,518
된장찌개(냉이),찌개 및 전골류,76,11,7,1,3,4,112,1784
된장찌개(달래),찌개 및 전골류,160,7,14,9,1,3,172,752
어묵국물,국 및 탕류,21,3,2,0,0,0,18,702
어묵탕,국 및 탕류,180,24,13,4,4,1,72,1530
어묵탕(고춧가루),국 및 탕류,216,28,15,5,5,2,84,1440
얼갈이 된장국,국 및 탕류,30,4,2,1,1,2,132,561
올갱이해장국,국 및 탕류,107,9,10,4,2,4,296,896
조개 미역국,국 및 탕류,33,3,4,1,0,1,69,723
조개탕,국 및 탕류,36,2,5,0,0,0,39,333
참치 미역국,국 및 탕류,83,3,11,4,0,1,58,947
콩나물 선짓국(낙지),국 및 탕류,161,14,24,3,2,6,161,1120
콩나물 황태국,국 및 탕류,90,3,14,3,0,0,66,387
해물 된장국,국 및 탕류,122,6,19,2,2,1,83,1021
호박 된장국,국 및 탕류,29,4,2,1,0,1,19,360
홍합 미역국,국 및 탕류,15,1,2,0,0,0,18,234
홍합국(홍합탕),국 및 탕류,51,2,8,1,0,0,27,411
갈치찌개,찌개 및 전골류,176,12,16,6,3,3,62,530
감자탕,찌개 및 전골류,176,15,19,4,2,4,32,708
개고기전골,찌개 및 전골류,466,15,35,32,3,8,214,687
바지락 된장국,국 및 탕류,48,5,5,1,1,2,75,390
바지락 미역국,국 및 탕류,39,4,6,1,0,2,87,912
배추 된장국,국 및 탕류,31,4,2,1,1,1,39,406
배추 된장국(바지락),국 및 탕류,80,7,10,2,3,3,176,1034
배추 된장국(소고기),국 및 탕류,140,7,10,8,1,2,38,693
뼈다귀해장국,국 및 탕류,136,6,18,4,2,2,26,702
새우젓국,국 및 탕류,74,7,6,2,2,3,86,883
선지해장국(내장),국 및 탕류,204,12,26,6,2,3,78,1668
선짓국,국 및 탕류,162,13,22,3,2,4,78,1488
선짓국(내장),국 및 탕류,270,12,32,10,2,3,72,1902
소고기 미역국,국 및 탕류,63,3,5,4,0,2,66,774
소고기 미역국(바지락),국 및 탕류,33,3,3,2,0,2,63,729
소고기국(무 당면),국 및 탕류,191,16,10,9,0,1,39,34
시금치 된장국,국 및 탕류,36,5,3,1,1,2,42,534
시래기 된장국,국 및 탕류,33,5,2,1,0,3,69,498
쑥 된장국,국 및 탕류,39,5,3,1,0,2,42,456
아욱 된장국,국 및 탕류,36,6,3,1,0,3,165,456
어묵국,국 및 탕류,192,25,13,5,4,2,78,1500
깻잎튀김,튀김류,144,12,4,8,0,1,77,333
김치 콩나물국,국 및 탕류,33,4,3,1,1,2,42,438
꼬리곰탕,국 및 탕류,320,18,18,17,1,0,32,632
꼬리곰탕(당면),국 및 탕류,392,17,23,24,1,1,47,1065
낙지탕(맑은탕),국 및 탕류,96,5,18,1,1,1,60,852
동태국,국 및 탕류,51,4,8,0,1,1,36,653
냉이 된장국,국 및 탕류,48,6,4,1,1,3,99,534
다슬기 된장국,국 및 탕류,69,8,6,2,1,3,363,384
닭고기 미역국,국 및 탕류,59,2,9,2,0,1,48,535
두부 달걀탕,국 및 탕류,144,5,15,7,0,3,179,736
두부 된장국,국 및 탕류,57,4,6,2,0,2,73,465
두부 된장국(바지락),국 및 탕류,63,5,6,2,1,2,45,375
두부 된장국(유부),국 및 탕류,75,5,5,4,1,2,75,621
두부국,국 및 탕류,51,3,5,2,0,1,49,500
메밀묵국,국 및 탕류,94,17,2,2,2,2,25,360
몸국,국 및 탕류,143,10,19,4,2,6,162,774
무 된장국,국 및 탕류,42,6,3,1,1,1,36,521
무 북어국,국 및 탕류,81,3,12,2,1,0,60,468
미역 된장국,국 및 탕류,42,5,3,2,0,3,59,966
깐풍기,튀김류,342,30,24,14,6,5,29,252
삼계탕,국 및 탕류,792,51,67,34,4,4,54,522
새우탕,국 및 탕류,304,19,47,4,6,6,221,1650
오징어국,국 및 탕류,72,5,11,1,1,1,24,705
육개장(닭고기),국 및 탕류,164,10,21,5,1,3,76,496
육개장(소고기),국 및 탕류,241,12,12,16,3,4,96,1327
육개장(돼지고기),국 및 탕류,147,11,19,4,3,3,42,595
콩나물국,국 및 탕류,12,1,2,0,0,0,42,230
콩나물국(고춧가루),국 및 탕류,24,3,2,1,0,1,27,513
콩나물국(김치),국 및 탕류,27,3,3,1,0,1,33,492
콩나물국(청양고추),국 및 탕류,24,3,3,1,0,1,27,537
토란국,국 및 탕류,109,11,6,5,0,2,35,582
감자 된장국,국 및 탕류,70,11,4,1,0,2,77,691
건새우 미역국,국 및 탕류,86,3,12,3,0,1,864,1165
고디국(다슬기맑은국),국 및 탕류,51,5,4,2,0,2,261,288
근대 된장국,국 및 탕류,30,4,3,1,0,2,48,552
김국,국 및 탕류,42,7,3,1,0,1,26,365
김치 된장국,국 및 탕류,42,6,3,1,1,3,45,669
망둥어찌개,찌개 및 전골류,131,10,18,3,3,2,54,1443
닭고기육개장,국 및 탕류,164,10,21,4,1,3,76,496
닭곰탕,국 및 탕류,225,8,29,8,0,1,68,508
닭백숙,국 및 탕류,342,27,26,13,2,1,18,299
무국,국 및 탕류,22,4,1,1,1,1,26,589
무국(들깨),국 및 탕류,40,4,2,2,1,1,35,459
무국(소고기 콩나물),국 및 탕류,108,6,9,5,2,2,33,492
무국(소고기 느타리),국 및 탕류,75,4,4,5,1,1,14,219
무국(어묵),국 및 탕류,67,8,6,1,2,0,138,714
미역국,국 및 탕류,26,2,4,1,0,1,142,814
미역냉국(오이),국 및 탕류,33,8,2,0,5,1,57,870
미역냉국(오이 고추),국 및 탕류,33,8,2,0,4,2,57,759
배추국(들깨),국 및 탕류,64,6,3,4,1,3,64,682
북어국(무),국 및 탕류,90,3,14,2,0,0,63,444
북어국(콩나물),국 및 탕류,90,3,14,3,0,0,66,387
북어국(달걀),국 및 탕류,96,3,15,3,0,0,66,450
사골국,국 및 탕류,197,17,10,9,1,1,28,34
흑임자 죽,죽 및 스프류,275,42,6,9,0,2,137,337
굴죽,죽 및 스프류,277,43,6,8,0,1,122,508
대합죽,죽 및 스프류,275,43,6,7,0,1,60,578
땅콩죽,죽 및 스프류,300,47,9,9,1,2,16,370
복죽,죽 및 스프류,277,44,7,7,0,0,34,399
소고기 감자죽,죽 및 스프류,282,44,10,6,1,2,13,122
오리감자죽,죽 및 스프류,293,46,11,6,0,3,18,365
잡곡죽,죽 및 스프류,263,46,11,4,1,7,42,383
홍합 미나리죽,죽 및 스프류,205,42,6,1,1,3,21,435
홍합 소고기죽,죽 및 스프류,296,42,14,7,1,2,38,122
갈비탕,국 및 탕류,391,18,20,25,1,0,40,518
갈비탕(소금제외),국 및 탕류,659,31,41,40,2,2,67,459
굴국(두부),국 및 탕류,58,3,6,2,0,0,173,746
김치국(콩나물),국 및 탕류,14,2,1,0,0,1,14,192
내장탕,국 및 탕류,201,10,13,12,2,4,73,1809
비빔냉면,면 및 만두류,540,87,23,10,8,6,60,912
어묵 우동,면 및 만두류,568,102,17,9,1,5,112,2144
오븐스파게티,면 및 만두류,854,117,39,24,12,8,497,840
장국국수,면 및 만두류,576,79,26,15,2,2,192,1992
쟁반국수,면 및 만두류,616,104,23,13,15,7,170,891
짜장면,면 및 만두류,918,175,32,15,17,19,114,2466
짬뽕라면,면 및 만두류,696,94,26,22,2,6,352,696
치즈 스파게티(해물),면 및 만두류,693,106,32,15,14,8,252,931
해물 스파게티,면 및 만두류,574,90,34,8,13,7,119,875
회냉면,면 및 만두류,586,105,25,6,10,5,205,2154
닭죽,죽 및 스프류,552,91,37,3,4,3,32,740
전복죽,죽 및 스프류,444,76,15,8,0,3,54,870
채소죽(달걀),죽 및 스프류,366,59,8,10,2,3,42,498
팥죽,죽 및 스프류,179,35,7,0,0,4,21,339
호박죽,죽 및 스프류,348,80,7,1,23,9,36,636
두부 청국장찌개,찌개 및 전골류,94,10,8,2,1,4,72,528
쟁반짜장,면 및 만두류,1305,213,53,24,21,14,189,2889
중식우동,면 및 만두류,874,147,45,8,7,8,163,1939
짬뽕,면 및 만두류,860,149,43,13,9,17,200,1950
쫄면,면 및 만두류,858,170,26,7,24,7,117,4088
칼국수,면 및 만두류,499,103,14,1,1,4,88,947
칼국수(소고기),면 및 만두류,570,90,22,11,3,3,30,1790
해물칼국수,면 및 만두류,847,161,34,4,2,5,209,2772
고기만두,면 및 만두류,331,41,21,8,0,4,54,1014
군만두,면 및 만두류,563,65,22,24,1,13,152,610
김치만두,면 및 만두류,410,48,27,10,2,7,113,1358
막국수,면 및 만두류,425,80,15,4,1,3,37,1656
미트 스파게티,면 및 만두류,382,65,15,7,9,4,46,476
바지락 수제비(감자),면 및 만두류,310,51,13,4,2,4,60,1970
볶음 우동,면 및 만두류,417,45,14,18,1,2,134,1923
도미 매운탕,찌개 및 전골류,140,10,18,3,3,2,59,1042
라면(만두),면 및 만두류,763,107,22,26,0,9,350,665
라면(모듬),면 및 만두류,686,98,20,23,0,6,343,623
라면(콩나물),면 및 만두류,553,80,15,19,0,5,294,441
만두국(고기만두),면 및 만두류,396,46,21,14,2,10,132,1116
만두국(김치만두),면 및 만두류,402,45,22,15,2,11,156,1110
메밀소바,면 및 만두류,344,72,10,1,5,2,28,1016
비빔막국수,면 및 만두류,728,150,21,6,26,12,98,1792
수제비(김치),면 및 만두류,214,41,8,1,1,2,109,570
스파게티,면 및 만두류,545,83,16,16,5,4,43,205
우동,면 및 만두류,568,102,17,9,1,5,112,2160
우동(배추김치),면 및 만두류,500,93,14,6,3,8,108,1925
우동(해물),면 및 만두류,511,88,22,6,3,5,96,1584
잔치국수,면 및 만두류,488,85,19,7,6,7,184,2176
국밥(돼지머리),밥류,1233,143,60,46,1,6,81,1629
국밥(순대국밥),밥류,675,93,29,21,1,11,81,1134
국밥(콩나물),밥류,406,85,11,2,0,9,47,1342
김밥,밥류,322,46,11,10,0,3,83,706
김밥(풋고추),밥류,490,80,14,13,0,9,55,948
덮밥(낙지),밥류,525,84,21,12,7,8,52,742
덮밥(닭고기),밥류,512,61,47,9,4,4,86,627
덮밥(돼지고기(제육)),밥류,949,79,44,51,9,6,52,818
덮밥(불고기),밥류,728,108,26,21,0,11,24,1012
덮밥(오징어),밥류,486,79,26,7,2,9,29,583
볶음밥(표고버섯),밥류,552,95,10,14,0,7,15,897
비빔밥(돌솥),밥류,559,94,20,11,4,9,95,1281
비빔밥(육회),밥류,441,69,19,10,13,7,84,1338
주먹밥(소고기),밥류,356,69,10,4,0,3,18,714
찰밥,밥류,428,94,12,1,1,8,31,8
카레라이스,밥류,518,100,15,7,0,2,58,1008
콩나물밥,밥류,394,72,15,5,0,6,51,870
콩밥(검정콩),밥류,330,69,9,2,0,2,26,6
콩밥(완두콩),밥류,276,62,6,0,0,3,88,590
하이라이스,밥류,403,77,14,4,0,3,36,886
회덮밥(모듬),밥류,594,73,37,17,12,4,53,636
꿀떡,빵 및 과자류,228,49,4,2,0,0,15,275
인절미,빵 및 과자류,242,50,6,2,6,2,16,297
절편(쑥),빵 및 과자류,192,35,8,2,0,2,27,192
증편,빵 및 과자류,200,44,3,1,3,1,10,284
도넛(링도넛),빵 및 과자류,515,46,8,33,11,1,50,537
마늘빵,빵 및 과자류,219,29,6,9,3,2,25,260
머핀,빵 및 과자류,499,77,7,18,51,1,57,534
모닝빵,빵 및 과자류,220,37,7,5,5,1,21,342
모카빵,빵 및 과자류,508,87,13,12,18,5,134,531
베이글,빵 및 과자류,367,64,12,7,5,3,143,834
샌드위치(닭가슴살),빵 및 과자류,552,48,28,27,7,5,133,1007
샌드위치(모듬),빵 및 과자류,425,19,21,30,1,4,172,788
샌드위치(채소),빵 및 과자류,439,43,7,27,25,4,45,767
샌드위치(햄 달걀),빵 및 과자류,440,31,25,24,3,3,160,1398
식빵,빵 및 과자류,264,51,9,3,1,3,219,468
초코소라빵,빵 및 과자류,223,36,2,8,6,1,47,150
카스텔라,빵 및 과자류,234,34,7,8,23,0,27,44
케이크(롤케이크),빵 및 과자류,312,44,7,12,24,1,32,143
케이크(생크림케이크),빵 및 과자류,237,28,3,13,14,1,42,151
크로와상,빵 및 과자류,669,65,11,40,9,3,56,686
파이/만주(사과파이),빵 및 과자류,185,35,3,4,7,2,20,204
피자(콤비네이션피자),빵 및 과자류,548,51,21,29,9,5,282,882
피자빵,빵 및 과자류,596,64,18,30,16,4,192,1274
햄버거(불고기버거),빵 및 과자류,500,45,28,23,0,7,30,676
호떡(견과류),빵 및 과자류,471,86,8,11,1,3,21,316
잔멸치볶음(홍고추 풋고추),볶음류,114,3,17,4,1,3,218,1030
잡채,볶음류,292,49,9,7,1,7,72,720
잡채(어묵),볶음류,414,73,7,11,4,4,95,1201
잡채(콩나물),볶음류,154,29,4,2,21,8,83,1424
죽순볶음(소고기),볶음류,276,9,31,13,4,14,32,492
풋고추볶음,볶음류,70,8,2,3,4,3,18,276
햄볶음(채소),볶음류,403,21,23,25,7,3,75,1767
꽁치조림,조림류,244,5,16,18,4,3,78,350
닭볶음탕,조림류,333,26,36,10,1,4,60,1128
닭조림(고추장),조림류,380,33,23,17,5,8,62,725
병어조림,조림류,112,5,12,5,0,0,61,842
오징어채조림,조림류,120,13,12,2,6,2,24,565
장조림(달걀),조림류,138,9,10,7,6,1,38,628
장조림(소고기),조림류,69,5,10,1,1,0,8,543
김튀김,튀김류,261,27,6,14,0,6,26,303
다시마튀각,튀김류,231,24,4,13,8,12,263,652
닭다리튀김(간장),튀김류,646,36,38,39,7,4,40,820
닭튀김(날개),튀김류,514,21,34,33,0,2,38,538
미역튀각,튀김류,222,11,7,17,5,15,308,2612
탕수육(새우),튀김류,232,26,13,8,12,4,54,984
고사리나물무침,나물·숙채류,45,3,2,3,0,2,35,220
고춧잎나물무침,나물·숙채류,79,6,4,4,1,4,184,717
도라지나물무침,나물·숙채류,65,7,1,4,0,2,24,206
머위대나물무침,나물·숙채류,29,2,2,1,0,0,119,182
무나물무침,나물·숙채류,10,2,0,0,1,0,12,176
방풍나물무침,나물·숙채류,61,9,4,1,2,5,142,214
비름나물무침,나물·숙채류,58,5,3,3,0,3,156,268
시금치나물,나물·숙채류,34,2,2,2,0,1,43,68
시래기나물무침,나물·숙채류,57,4,2,4,0,3,93,257
씀바귀나물무침,나물·숙채류,87,15,3,2,1,4,41,184
열무나물,나물·숙채류,74,4,4,5,0,3,124,414
취나물(취나물(마른것)),나물·숙채류,44,3,2,3,0,3,88,66
콩나물무침,나물·숙채류,34,2,2,2,0,0,26,194
콩나물무침(고춧가루),나물·숙채류,84,5,4,5,1,4,33,183
토란대나물무침,나물·숙채류,61,4,5,3,0,3,274,200
호박오가리나물무침,나물·숙채류,201,21,6,10,6,7,69,1849
가죽나물무침,생채·무침류,61,8,5,1,3,4,55,221
겉절이(배추),생채·무침류,28,3,1,1,0,1,28,164
겉절이(상추),생채·무침류,61,5,2,3,2,3,68,431
겉절이(열무),생채·무침류,58,5,2,3,2,3,74,891
겉절이(치커리),생채·무침류,56,4,1,4,3,1,46,177
굴무침,생채·무침류,62,6,5,2,2,2,27,163
김무침,생채·무침류,78,6,6,3,1,5,72,303
냉채(닭고기),생채·무침류,216,12,31,5,11,4,41,362
두릅무침(초고추장),생채·무침류,60,7,2,3,4,3,54,184
무생채,생채·무침류,74,11,4,2,2,7,153,1232
물회(오징어),생채·무침류,343,23,43,8,14,10,49,2548
민들레잎무침,생채·무침류,73,11,2,2,7,4,68,223
버섯무침(느타리버섯),생채·무침류,88,5,4,6,0,7,12,466
부추무침,생채·무침류,92,6,4,6,3,5,68,666
샐러드(감자),생채·무침류,189,18,2,12,5,2,12,354
샐러드(닭가슴살),생채·무침류,202,8,11,14,4,4,62,132
샐러드(새싹),생채·무침류,74,5,3,5,2,1,49,156
샐러드(양배추),생채·무침류,225,13,4,18,11,3,42,146
샐러드(양상추),생채·무침류,189,5,7,15,2,3,66,237
샐러드(옥수수),생채·무침류,266,20,3,19,9,4,24,773
샐러드(참치),생채·무침류,226,11,16,13,10,3,26,448
샐러드(채소),생채·무침류,232,8,2,21,7,2,37,118
오이무침(부추),생채·무침류,31,5,2,0,4,2,29,1070
톳나물무침,생채·무침류,68,11,2,2,6,5,82,540
풋고추된장무침(풋고추),생채·무침류,124,12,2,7,8,3,34,183
해초무침,생채·무침류,39,9,1,0,3,4,54,862
회무침,생채·무침류,205,22,20,4,11,6,160,688
회무침(가오리),생채·무침류,186,15,26,3,12,6,915,814
나박김치,김치류,10,1,0,0,0,0,8,377
물김치(돌나물),김치류,20,3,1,0,1,1,84,948
보쌈김치,김치류,27,3,2,1,1,2,34,595
가자미식해,젓갈류,335,29,28,12,9,10,740,1712
갈치젓(양념),젓갈류,134,9,14,5,4,6,230,4521
멸치젓(양념),젓갈류,4,0,1,0,0,0,27,333
새우젓(양념),젓갈류,7,1,1,0,0,0,74,740
오징어젓(양념),젓갈류,6,0,1,0,0,0,3,215
꽃게장(간장),젓갈류,155,15,18,3,10,2,162,2722
꽃게장(양념),젓갈류,194,25,20,1,17,9,530,1608
단무지,장아찌·절임류,4,1,0,0,0,0,3,166
매실장아찌(우메보시(일본)),장아찌·절임류,20,3,0,1,2,1,8,1118
무짠지,장아찌·절임류,6,1,0,0,0,1,10,1191
무초절임(치킨무),장아찌·절임류,22,4,1,0,2,1,22,246
미숫가루,음료 및 차류,210,31,6,7,0,6,81,72
국수(비빔국수),면 및 만두류,510,102,15,5,20,7,100,1195
국수(잔치국수),면 및 만두류,308,56,14,3,0,5,56,1512
국수(쟁반막국수),면 및 만두류,536,58,30,21,36,20,117,2308
냉면(회냉면 홍어),면 및 만두류,740,111,29,20,14,13,265,495
떡국,면 및 만두류,588,115,24,4,0,5,28,1232
만두(군만두),면 및 만두류,515,56,15,25,6,7,90,847
만두(물만두),면 및 만두류,448,36,19,26,4,7,71,764
만두국(사골),면 및 만두류,609,63,26,28,0,7,98,2331
메밀국수(온면),면 및 만두류,220,42,11,1,0,2,32,679
수제비,면 및 만두류,377,72,15,3,0,7,58,923
스파게티(미트볼),면 및 만두류,900,88,37,44,4,13,90,1090
우동볶음,면 및 만두류,384,74,8,6,1,6,21,771
월남쌈,면 및 만두류,295,31,15,12,13,4,48,575
칼국수(바지락),면 및 만두류,574,112,24,4,1,2,91,1904
오리죽,죽 및 스프류,620,80,30,20,0,6,44,248
곰탕(우거지),국 및 탕류,88,9,8,2,1,3,60,788
굴국(무),국 및 탕류,125,15,12,2,0,3,100,1255
냉국(미역),국 및 탕류,130,26,1,2,15,1,84,518
냉국(미역 오이),국 및 탕류,21,3,1,1,2,2,46,1144
달걀탕(순두부),국 및 탕류,102,3,6,7,0,2,46,354
도가니탕,국 및 탕류,200,4,42,2,0,6,40,750
된장국(냉이),국 및 탕류,88,9,7,3,1,5,128,944
된장국(미역),국 및 탕류,96,9,6,4,2,10,80,1220
된장국(배추),국 및 탕류,80,10,6,2,0,2,48,892
된장국(쑥),국 및 탕류,60,6,5,2,2,3,40,972
된장국(아욱),국 및 탕류,80,6,9,2,0,4,456,944
된장국(얼갈이배추),국 및 탕류,36,3,2,2,0,2,104,780
된장국(우거지),국 및 탕류,80,3,11,2,2,3,56,1164
된장국(콩나물),국 및 탕류,124,10,10,4,2,4,80,1460
된장국(해물),국 및 탕류,112,11,8,4,1,4,112,1536
된장국(호박),국 및 탕류,124,6,13,5,1,3,76,1808
된장국(호박잎),국 및 탕류,24,2,1,1,0,0,28,570
무국(홍합),국 및 탕류,88,3,3,7,0,2,60,816
묵국(메밀묵),국 및 탕류,88,14,4,2,1,3,40,952
미역국(대합),국 및 탕류,44,2,5,2,0,3,148,928
미역국(새우),국 및 탕류,64,7,4,2,0,2,36,20
미역국(소고기),국 및 탕류,52,3,7,1,2,2,72,784
배추국(소고기),국 및 탕류,64,5,7,2,0,2,56,992
북어국,국 및 탕류,112,3,16,4,0,4,60,928
설렁탕,국 및 탕류,120,2,21,3,0,5,35,110
어묵국(어묵탕),국 및 탕류,108,13,5,4,0,1,66,791
육개장,국 및 탕류,132,7,16,4,3,5,75,884
장어탕,국 및 탕류,536,29,35,31,21,8,256,3096
재첩국,국 및 탕류,80,16,2,1,0,0,70,441
조개국,국 및 탕류,64,1,7,4,0,2,28,1188
김치찌개(어묵),찌개 및 전골류,99,16,5,2,4,3,52,666
된장찌개,찌개 및 전골류,92,9,7,3,0,3,42,636
된장찌개(두부),찌개 및 전골류,111,7,9,5,2,2,59,1291
두부찌개(고추장),찌개 및 전골류,260,16,20,13,4,3,115,905
두부찌개(소고기 고추장),찌개 및 전골류,162,19,13,4,0,5,34,546
두부찌개(소고기 된장),찌개 및 전골류,165,10,17,6,2,5,84,891
샤브샤브(버섯),찌개 및 전골류,105,5,14,3,1,4,10,178
순두부찌개(김치),찌개 및 전골류,70,4,6,3,0,2,28,302
알탕,찌개 및 전골류,203,9,33,4,0,8,57,1300
호박찌개(고추장),찌개 및 전골류,115,17,6,3,1,3,36,591
고구마(찐고구마),찜류,278,65,3,0,32,5,40,20
감자(찐감자),찜류,140,30,4,0,1,3,20,6
달걀찜(우유),찜류,210,8,16,13,5,2,184,524
닭찜,찜류,321,2,37,18,0,2,36,672
사태찜(소고기),찜류,330,11,36,16,0,4,39,906
옥수수(찐옥수수),찜류,370,68,13,5,4,11,10,180
콩나물찜(해물),찜류,112,10,13,2,0,5,76,446
고등어구이(석쇠),구이류,680,8,47,51,0,4,204,252
곱창구이(소고기),구이류,276,7,22,18,1,3,44,1972
김구이(조미김),구이류,24,1,1,2,0,1,19,201
꼬치구이(닭고기 대파),구이류,416,18,30,25,2,6,27,709
닭발구이,구이류,431,21,40,21,0,6,86,1819
떡갈비,구이류,404,5,43,24,0,2,44,808
뱅어포구이,구이류,262,18,24,11,11,5,727,1035
버섯구이,구이류,42,4,4,1,0,2,2,394
버섯구이(새송이버섯),구이류,67,9,3,2,3,4,1,370
버섯구이표고버섯,구이류,80,15,3,1,1,8,2,348
삼겹살구이,구이류,934,1,45,83,0,1,18,1152
삼겹살구이(고추장),구이류,806,25,28,66,11,8,28,1020
스테이크(소등심),구이류,388,0,60,16,0,2,12,268
스테이크(소안심),구이류,366,0,70,10,0,3,10,206
오리고기구이,구이류,586,10,48,39,0,4,16,1416
조개구이(키조개),구이류,234,19,31,4,6,7,32,817
참치구이(머리),구이류,347,3,48,16,0,11,27,826
치킨데리야끼,구이류,707,52,56,31,0,4,54,908
고구마전,전·적 및 부침류,318,50,4,11,19,5,27,122
달걀말이,전·적 및 부침류,193,1,17,13,0,1,55,449
달걀부침(달걀후라이)(햄),전·적 및 부침류,277,8,13,22,0,1,16,591
메밀전,전·적 및 부침류,290,63,7,1,0,5,29,261
버섯전(표고버섯),전·적 및 부침류,272,19,15,15,2,11,40,476
산적(돼지고기),전·적 및 부침류,340,3,49,15,0,8,31,996
완자전(돼지고기),전·적 및 부침류,278,13,30,12,5,7,72,1718
완자전(소고기),전·적 및 부침류,324,9,37,15,0,8,82,762
완자전(참치),전·적 및 부침류,346,27,30,13,7,5,38,1134
완자전(해물),전·적 및 부침류,444,36,23,23,6,3,46,1182
파전(해물),전·적 및 부침류,256,27,8,13,1,2,64,450
닭발볶음,볶음류,372,23,28,19,12,5,162,1948
닭볶음(닭갈비)(닭가슴살 피망),볶음류,98,1,13,5,0,2,22,392
당근볶음,볶음류,86,7,1,6,4,2,23,194
돼지고기볶음(채소),볶음류,389,20,38,17,15,3,34,796
돼지고기볶음(제육볶음),볶음류,488,12,30,35,0,9,55,1252
떡볶이,볶음류,259,47,6,5,7,1,25,704
떡볶이(채소),볶음류,516,114,6,4,3,2,28,538
마늘쫑볶음,볶음류,125,18,5,4,7,6,60,787
멸치볶음(마늘쫑),볶음류,138,6,16,5,2,4,608,1250
문어볶음(고추장),볶음류,176,17,22,2,10,2,36,974
버섯볶음(느타리),볶음류,47,3,1,3,2,2,2,262
버섯볶음(새송이버섯),볶음류,145,11,4,10,4,4,2,409
브로콜리볶음,볶음류,46,5,4,1,1,4,23,85
삼겹살볶음(묵은지김치),볶음류,302,17,12,21,7,6,100,1208
새우볶음,볶음류,166,12,20,4,7,2,62,652
소고기볶음(채소),볶음류,290,15,29,12,10,11,30,619
애호박 볶음,볶음류,30,3,1,2,0,1,17,224
잔멸치볶음(꽈리고추),볶음류,146,5,12,9,2,3,221,633
